day,hour,U,V,WS
150,1630,3.315,1.601,3.681361976
150,1700,3.191,1.5,3.525972348
150,1730,2.613,1.492,3.00895879
150,1800,2.443,1.31,2.772065836
150,1830,2.527,1.277,2.831335021
150,1900,1.903,1.094,2.195050113
150,1930,1.538,0.965,1.815673153
150,2000,1.49,0.814,1.697850406
150,2030,1.532,0.776,1.717323499
150,2100,1.428,0.688,1.585095581
150,2130,1.665,0.919,1.901784951
150,2200,1.534,0.746,1.70577607
150,2230,1.625,0.743,1.786805529
150,2300,1.676,0.86,1.88376644
150,2330,2.047,1.057,2.303792091
151,0,2.169,0.952,2.368726451
151,30,1.86,0.889,2.061533652
151,100,1.838,0.889,2.041706394
151,130,1.676,0.809,1.861036539
151,200,1.833,0.929,2.054976886
151,230,1.558,0.736,1.723096051
151,300,1.371,0.676,1.528599686
151,330,1.172,0.529,1.285855746
151,400,0.708,0.34,0.785406901
151,430,0.912,0.376,0.986468449
151,500,0.843,0.345,0.910864425
151,530,1.189,0.482,1.282982853
151,600,1.361,0.496,1.448563771
151,630,1.494,0.493,1.573240287
151,700,1.411,0.436,1.476826666
151,730,0.773,0.276,0.820795346
151,800,0.61,0.558,0.826718816
151,830,0.969,1.109,1.472698883
151,900,1.251,1.306,1.808490254
151,930,1.42,1.312,1.933324598
151,1000,1.932,1.612,2.516181234
151,1030,1.957,1.555,2.499574764
151,1100,1.964,1.632,2.55357005
151,1130,1.791,1.57,2.381718077
151,1200,1.509,1.191,1.922384457
151,1230,1.549,1.375,2.071237794
151,1300,1.667,1.428,2.195010934
151,1330,1.593,1.579,2.242964556
151,1400,1.918,1.798,2.628978509
151,1430,1.884,1.642,2.499123846
151,1500,1.863,1.764,2.565631501
151,1530,1.723,1.639,2.378034903
151,1600,2.153,1.668,2.723533183
151,1630,1.721,1.489,2.275733288
151,1700,1.609,1.235,2.028325911
151,1730,1.422,1.223,1.875583376
151,1800,1.123,0.97,1.483923516
151,1830,1.132,0.823,1.399554572
151,1900,1.225,0.888,1.513
151,1930,1.136,0.917,1.459926368
151,2000,1.266,0.865,1.533290905
151,2030,1.568,1.005,1.862430938
151,2100,1.617,1.061,1.934013961
151,2130,1.66,1.04,1.958877229
151,2200,0.967,0.851,1.28813431
151,2230,1.047,0.837,1.34043948
151,2300,1.068,0.843,1.360614935
151,2330,0.848,0.774,1.148120203
152,0,1.248,0.981,1.587408265
152,30,0.834,0.714,1.09788524
152,100,1.008,0,1.008
152,130,0.852,0.541,1.009249721
152,200,0.461,0.525,0.698674459
152,230,0.658,0.928,1.137606259
152,1400,0.429,2.73,2.763501583
152,1430,0.262,2.781,2.79331434
152,1500,0.638,3.189,3.252193875
152,1530,0.391,3.171,3.19501518
152,1600,0.61,3.275,3.331324812
152,1630,1.16,3.403,3.595275928
152,1700,1.484,3.121,3.455849678
152,1730,1.463,3.372,3.675697621
152,1800,1.258,2.7,2.978684945
152,1830,1.274,3.025,3.282331641
152,1900,1.365,2.983,3.280474661
152,1930,1.526,2.825,3.210810022
152,2000,1.598,2.799,3.223042817
152,2030,1.521,2.659,3.063286144
152,2100,1.764,2.397,2.976122477
152,2130,1.655,1.974,2.575985443
152,2200,1.236,1.574,2.001292582
152,2230,0.269,1.203,1.2327084
153,0,-0.25,1.854,1.870779517
153,200,1.505,3.267,3.596986795
153,230,1.69,3.583,3.961563959
153,300,2.038,3.562,4.103813836
153,330,1.727,3.282,3.70864571
153,400,1.452,3.137,3.45674312
153,430,1.469,3.185,3.50744722
153,500,1.524,3.177,3.523621007
153,530,1.306,3.384,3.627270599
153,600,1.171,3.625,3.809444316
153,630,1.342,3.508,3.755932374
153,700,1.404,3.664,3.923787966
153,730,1.503,3.494,3.803556888
153,800,1.418,3.143,3.44806801
153,830,1.658,3.396,3.779124237
153,900,1.561,3.016,3.396023704
153,930,1.251,3.221,3.455407646
153,1000,1.257,3.41,3.634301721
153,1030,1.614,3.511,3.864209751
153,1100,1.203,3.347,3.556630147
153,1130,1.229,3.448,3.660484258
153,1200,1.715,3.551,3.943453563
153,1230,1.423,4.027,4.271025404
153,1300,1.385,3.898,4.13674135
153,1330,1.518,3.551,3.861855124
153,1400,1.253,3.382,3.606651217
153,1430,1.049,3.289,3.452234349
153,1500,1.083,2.958,3.150024286
153,1530,1.418,3.171,3.473609794
153,1600,1.609,3.209,3.589785787
153,1630,0.948,2.773,2.930568716
153,1700,0.999,2.546,2.734980256
153,1730,0.898,2.656,2.803701125
153,1800,0.908,2.531,2.68894496
155,1030,2.082,4.282,4.761328386
155,1100,2.34,4.657,5.211837392
155,1130,2.143,4.494,4.978803571
155,1200,1.966,4.321,4.747230456
155,1230,2.062,4.242,4.716609799
155,1300,2.019,4.535,4.964129934
155,1330,1.769,4.456,4.794298385
155,1400,1.785,4.376,4.726055543
155,1430,1.811,4.558,4.904598353
155,1500,1.875,4.406,4.788367258
155,1530,1.735,4.51,4.8322174
155,1600,1.719,4.385,4.709902971
155,1630,1.447,3.81,4.07552561
155,1700,1.793,4.523,4.865426806
155,1730,1.445,4.111,4.357561933
155,1800,1.82,4.17,4.54986813
155,1830,1.939,4.036,4.477612868
155,1900,1.799,3.8,4.204331219
155,1930,1.785,3.592,4.011070805
155,2000,2.669,3.575,4.461410763
155,2030,3.527,3.311,4.83760788
155,2100,4.138,3.122,5.183621128
155,2130,3.263,2.785,4.289917715
155,2200,2.326,2.517,3.427180328
155,2230,0.935,1.822,2.047903562
155,2300,0.341,1.395,1.436073118
155,2330,0.211,1.465,1.480116887
156,0,0.846,1.605,1.814315573
156,30,1.54,2.386,2.839823234
156,100,0.203,2.676,2.683688693
156,130,0.174,2.892,2.897229711
156,200,0.348,2.74,2.762010862
156,230,0.297,2.843,2.85847127
156,300,0.042,2.396,2.396368085
156,330,0.478,2.686,2.728200872
156,400,0.561,2.77,2.826237959
156,430,0.512,2.852,2.897593484
156,500,0.394,2.962,2.988089691
156,530,0.27,2.499,2.513543515
156,600,-0.149,2.28,2.284863453
156,630,-0.298,2.268,2.287493825
156,700,-0.179,2.84,2.84563543
156,730,0.679,3.331,3.399500257
156,800,0.222,3.315,3.322425168
156,830,-0.424,3.27,3.297374107
156,900,-0.79,3.294,3.387408449
156,930,-0.514,3.482,3.519732944
156,1000,-0.079,3.406,3.406916054
156,1030,0.361,4.091,4.106896882
156,1100,0.475,3.74,3.770043103
156,1130,0.417,3.847,3.869534597
156,1200,0.367,3.584,3.602741317
156,1230,-0.114,3.56,3.561824813
156,1300,0.293,3.059,3.073000163
156,1330,-0.021,3.413,3.413064605
156,1400,0.252,3.907,3.915118517
156,1430,0.559,3.314,3.360814931
156,1500,0.553,3.634,3.675835279
156,1530,1.06,3.935,4.07526993
156,1600,0.703,3.953,4.015024035
156,1630,1.189,4.564,4.716335124
156,1700,1.363,4.116,4.335807307
156,1730,1.153,4.15,4.307192705
156,1800,1.486,4.047,4.31119531
156,1830,1.695,3.892,4.245078209
156,1900,1.296,3.826,4.039541063
156,1930,1.151,3.084,3.291786293
156,2000,0.552,2.104,2.175205737
156,2030,0.326,1.325,1.364514932
156,2100,2.612,1.558,3.04136614
156,2130,6.652,2.798,7.216502477
156,2200,3.574,1.844,4.021667813
156,2230,5.144,2.091,5.552748599
156,2300,4.851,1.817,5.180124516
156,2330,1.752,0.688,1.882245468
157,0,1.145,0.623,1.303516014
157,30,1.823,0.809,1.994444785
157,100,0.203,0.324,0.38234147
157,130,0.573,0.437,0.720623341
157,200,0.185,0.211,0.280617177
157,230,0.035,0.311,0.312963257
157,300,-0.033,0.435,0.436249928
157,330,-0.134,0.374,0.397280757
157,400,-0.257,0.675,0.722270033
157,430,0.71,0.582,0.918054465
157,500,-0.036,0.32,0.322018633
157,530,-0.132,0.297,0.325012307
157,600,-0.166,0.498,0.524938092
157,630,-0.126,1.301,1.30708722
157,700,0.428,2.054,2.098118204
157,730,0.95,2.643,2.80854927
157,800,1.127,2.739,2.96179844
157,830,0.869,2.528,2.673190042
157,900,0.687,2.513,2.605213619
157,930,0,2.601,2.601
157,1000,0.778,2.831,2.935957254
157,1030,0.344,2.935,2.955090692
157,1100,0.875,3.469,3.577650905
157,1130,1.14,3.504,3.684781676
157,1200,0.907,3.155,3.282784489
157,1230,0.734,3.1,3.185711224
157,1300,1.103,2.939,3.139160716
157,1330,0.711,2.955,3.039333151
157,1400,1.029,3.27,3.428081242
157,1430,0.955,3.127,3.269580095
157,1500,1.233,3.488,3.699517942
157,1530,0.433,3.02,3.050883315
157,1600,0.572,2.954,3.00887022
157,1630,0.756,2.936,3.03177044
157,1700,0.611,2.918,2.981282442
157,1730,1.053,2.924,3.107826411
157,1800,0.519,2.78,2.828031294
157,1830,0.886,2.897,3.029456222
157,1900,0.784,2.843,2.94911936
157,1930,0.855,2.189,2.35005234
157,2000,0.467,1.872,1.929371141
157,2030,0.133,1.126,1.133827588
157,2100,0.115,0.667,0.676841193
157,2130,4.196,2.081,4.683692667
157,2200,5.087,2.53,5.681414349
157,2230,5.455,2.27,5.908462152
157,2300,5.689,2.165,6.087030968
157,2330,5.206,1.969,5.565913851
158,0,0.388,1.24,1.299285958
158,30,0.104,0.968,0.973570747
158,100,0.189,1.301,1.314656609
158,130,-0.054,1.134,1.135284986
158,200,0.137,1.065,1.073775582
158,230,1.119,1.088,1.560738607
158,300,0.275,0.782,0.82894451
158,330,0.013,1.008,1.008083826
158,400,-0.486,0.982,1.095682436
158,430,-0.155,1.131,1.141571724
158,500,-0.178,1.208,1.221043816
158,530,-0.001,1.239,1.239000404
158,600,0.323,1.456,1.491396996
158,630,0.255,1.726,1.744735223
158,700,0.314,2.18,2.202497673
158,730,0.646,2.705,2.78106832
158,800,0.731,2.726,2.822310578
158,830,0.982,2.756,2.925723842
158,900,1.064,3.202,3.374151745
158,930,1.099,3.307,3.484831416
158,1000,1.37,3.509,3.766959118
158,1030,1.198,3.488,3.688000542
158,1100,1.343,3.189,3.460255771
158,1130,1.218,3.55,3.753135223
158,1200,1.268,3.274,3.510968527
158,1230,1.257,3.174,3.413843142
158,1300,0.725,2.844,2.934955025
158,1330,1.064,2.8,2.995345723
158,1400,1.129,3.019,3.223197481
158,1430,1.059,3.131,3.30524462
158,1500,1.144,3.296,3.488889795
158,1530,0.513,2.904,2.948963377
158,1600,0.579,3.209,3.260816156
158,1630,0.765,2.894,2.993402913
158,1700,0.618,3.028,3.090421978
158,1730,0.535,2.81,2.860476359
158,1800,0.757,2.305,2.426123245
158,1830,0.613,1.737,1.841992942
158,1900,0.477,1.78,1.842804656
158,1930,0.412,1.725,1.773518819
158,2000,0.278,1.575,1.599346429
158,2030,0.4,1.757,1.801956992
158,2100,0.969,1.682,1.941155584
158,2130,0.612,1.589,1.702781548
158,2200,0.309,1.232,1.270159439
158,2230,1.413,1.612,2.143621468
158,2300,2.332,1.762,2.922818503
158,2330,2.641,1.66,3.119371892
159,0,3.881,2.048,4.388218887
159,30,5.874,2.297,6.307145551
159,100,1.093,1.136,1.576434268
159,130,0.762,1.353,1.552820981
159,200,-0.268,0.83,0.872194932
159,230,0.14,1.121,1.129708369
159,300,-0.249,0.846,0.881882645
159,330,-0.772,1.22,1.443739589
159,400,-0.419,1.342,1.405889398
159,430,-0.343,1.305,1.349323534
159,500,-0.31,1.081,1.124571474
159,530,-0.183,0.713,0.736110046
159,600,-0.093,0.765,0.770632208
159,630,0.05,1.302,1.302959708
159,700,0.513,2.051,2.114183057
159,730,0.931,2.647,2.805952601
159,800,0.841,2.786,2.910167865
159,830,0.852,2.839,2.964089236
159,900,0.614,2.449,2.524796427
159,930,0.368,2.502,2.528918346
159,1000,0.165,2.63,2.635170772
159,1030,0.38,2.723,2.749387023
159,1100,0.788,2.867,2.973320198
159,1130,0.939,2.885,3.033965392
159,1200,0.887,2.805,2.941903126
159,1230,1.424,3.321,3.613421786
159,1300,0.984,2.999,3.156304326
159,1330,1.579,3.008,3.397249623
159,1400,1.412,2.901,3.226382649
159,1430,1.147,3.131,3.334481969
159,1500,0.744,2.899,2.992947878
159,1530,0.906,3.174,3.300774455
159,1600,0.473,3.178,3.213006847
159,1630,0.836,3.193,3.300627971
159,1700,0.414,2.656,2.688072172
159,1730,0.895,2.773,2.913855521
159,1800,0.799,2.685,2.801361455
159,1830,0.874,2.328,2.48665639
159,1900,1.015,2.09,2.323429577
159,1930,0.879,2.205,2.373745142
159,2000,0.488,1.497,1.574532629
159,2030,0.065,1.127,1.128872889
159,2100,-0.312,0.572,0.651558132
159,2130,0.412,0.899,0.988911017
159,2200,5.035,2.018,5.424347795
159,2230,6.365,2.373,6.792963565
159,2300,6.232,2.352,6.661060576
159,2330,5.012,1.528,5.239745032
160,0,2.137,0.83,2.292524591
160,30,-0.106,0.017,0.107354553
160,100,-0.14,0.156,0.20960916
160,130,-0.268,0.161,0.312641968
160,200,-0.042,0.304,0.306887602
160,230,0.122,0.305,0.328495053
160,300,-0.105,0.256,0.276696585
160,330,0.031,0.459,0.46004565
160,400,0.335,0.574,0.664605898
160,430,0.007,0.303,0.303080847
160,500,0.186,0.294,0.347896536
160,530,0.001,0.224,0.224002232
160,600,-0.246,0.165,0.296211073
160,630,0.095,0.321,0.334762602
160,700,0.117,0.382,0.399515957
160,730,0.703,1.027,1.244563377
160,800,1.162,1.246,1.703748808
160,830,0.739,0.827,1.109076192
160,900,0.753,0.822,1.114761409
160,930,0.875,1.028,1.349966296
160,1000,0.864,1.111,1.407415006
160,1030,0.879,1.073,1.387072457
160,1100,0.873,0.641,1.083055862
160,1130,1.881,1.083,2.170495335
160,1200,1.736,1.168,2.092347963
160,1230,1.468,0.669,1.613252925
160,1300,1.949,1.278,2.33064047
160,1330,2.059,1.349,2.461560887
160,1400,2.267,1.085,2.513267594
160,1430,2.379,1.211,2.669487217
160,1500,2.162,1.315,2.530507657
160,1530,1.733,0.417,1.782464025
160,1600,1.473,0.15,1.480617776
160,1630,1.247,0.124,1.253150031
160,1700,1.494,0.137,1.500268309
160,1730,1.222,0.273,1.252123396
160,1800,1.224,0.196,1.239593482
160,1830,1.165,0.242,1.189869321
160,1900,1.633,0.31,1.662163951
160,1930,1.67,0.547,1.757301625
160,2000,1.568,0.397,1.617477357
160,2030,1.349,0.283,1.378364973
160,2100,1.206,0.394,1.268728497
160,2130,1.042,0.293,1.082410735
160,2200,1.325,0.379,1.3781386
160,2230,1.18,0.284,1.213695184
160,2300,0.946,0.297,0.991526601
160,2330,1.102,0.321,1.14780007
161,0,1.222,0.348,1.270585692
161,30,1.276,0.306,1.312178342
161,100,1.246,0.367,1.298924555
161,130,1.494,0.503,1.57640255
161,200,1.625,0.52,1.706172617
161,230,1.717,0.545,1.801419995
161,300,1.8,0.499,1.867886774
161,330,1.808,0.594,1.903076457
161,400,1.665,0.385,1.708932415
161,430,1.684,0.461,1.745960194
161,500,1.668,0.475,1.734315139
161,530,1.898,0.549,1.975804899
161,600,2.021,0.465,2.073804716
161,630,2.189,0.409,2.226881676
161,700,2.116,0.522,2.179435707
161,730,2.198,0.472,2.248107649
161,800,1.424,0.159,1.432849259
161,830,1.278,0.286,1.309610629
161,900,1.106,0.283,1.141632603
161,930,1.251,0.43,1.322838237
161,1000,1.335,0.474,1.416651333
161,1030,1.674,0.508,1.749382748
161,1100,1.42,0.35,1.462497863
161,1130,1.108,0.387,1.173640916
161,1200,1.608,0.315,1.63856309
161,1230,1.533,0.177,1.54318437
161,1300,1.359,0.143,1.366502836
161,1330,1.649,0.171,1.657842574
161,1400,1.999,0.12,2.002598562
161,1430,2.555,0.349,2.578725654
161,1500,2.424,0.38,2.453604695
161,1530,2.528,0.293,2.544922985
161,1600,2.489,0.243,2.500833861
161,1630,2.517,0.418,2.551472712
161,1700,2.836,0.366,2.85951954
161,1730,2.609,0.365,2.634408093
161,1800,2.298,0.359,2.325872954
161,1830,2.272,0.606,2.351429353
161,1900,2.036,0.541,2.106650659
161,1930,1.875,0.469,1.932766411
161,2000,1.591,0.307,1.620348728
161,2030,1.598,0.351,1.636094435
161,2100,1.2,0.385,1.260247991
161,2130,0.904,0.247,0.937136596
161,2200,0.661,0.078,0.665586208
161,2230,0.618,0.157,0.637630771
161,2300,0.399,0.11,0.41388525
161,2330,0.62,0.214,0.655893284
162,0,-0.033,-0.076,0.082855296
162,30,0.044,-0.1,0.109252002
162,100,0.1,-0.078,0.126822711
162,130,-0.416,-0.252,0.486374341
162,200,-0.418,-0.403,0.580631553
162,230,-0.395,-0.307,0.500273925
162,300,-0.437,-0.353,0.561763295
162,330,-0.36,-0.336,0.492438829
162,400,-0.377,-0.383,0.537417901
162,430,-0.408,-0.429,0.592034627
162,500,-0.42,-0.451,0.616279969
162,530,-0.523,-0.558,0.764782976
162,600,-0.358,-0.369,0.514125471
162,630,-0.177,-0.168,0.244034834
162,700,0.012,-0.08,0.080894994
162,730,-0.099,-0.275,0.292277266
162,800,-0.145,-0.404,0.429233037
162,830,-0.189,-0.38,0.424406645
162,900,-0.196,-0.416,0.459860849
162,930,-0.038,-0.118,0.123967738
162,1000,-0.069,-0.379,0.385229802
162,1030,0.307,-0.059,0.312617978
162,1100,0.59,-0.09,0.596824932
162,1130,0.347,-0.297,0.456747195
162,1200,0.779,-0.167,0.796699441
162,1230,0.692,-0.134,0.704854595
162,1300,1.64,0.27,1.662077014
162,1330,1.47,0.028,1.470266642
162,1400,1.985,0.299,2.007392836
162,1430,1.683,0.099,1.68590925
162,1500,1.779,0.22,1.792551533
162,1530,1.96,0.283,1.980325478
162,1600,2.21,0.196,2.218674379
162,1630,2.206,0.382,2.238830052
162,1700,2.427,0.411,2.461554387
162,1730,2.142,0.362,2.172373817
162,1800,2.084,0.415,2.124919057
162,1830,2.188,0.359,2.217256187
162,1900,2.051,0.378,2.085541896
162,1930,1.942,0.559,2.020852543
162,2000,1.715,0.527,1.794144364
162,2030,1.634,0.478,1.702480543
162,2100,1.815,0.425,1.864094955
162,2130,1.689,0.365,1.727989005
162,2200,1.415,0.486,1.496135355
162,2230,0.929,0.265,0.966056934
162,2300,0.727,0.158,0.743971102
162,2330,3.235,1.334,3.499254349
163,0,6.423,2.914,7.053107471
163,30,4.84,2.2,5.316540228
163,100,4.249,1.866,4.640684971
163,130,3.013,1.311,3.28586214
163,200,2.944,1.245,3.196429414
163,230,2.228,0.907,2.405542143
163,300,3.185,1.244,3.419321716
163,330,3.535,1.374,3.792637736
163,400,4.102,1.613,4.407740124
163,430,3.645,1.374,3.895369174
163,500,2.308,0.736,2.422511094
163,530,3.336,1.288,3.576008949
163,600,2.186,0.765,2.315992444
163,630,3.113,1.177,3.328077223
163,700,1.205,0.306,1.243246154
163,730,1.19,0.405,1.25703023
163,800,1.18,0.437,1.258319912
163,830,1.791,0.374,1.829633023
163,900,2.003,0.507,2.066169887
163,930,1.757,0.446,1.81272309
163,1000,1.989,0.599,2.077239033
163,1030,2.52,0.65,2.602479587
163,1100,2.727,0.558,2.783503727
163,1130,1.597,0.326,1.629934048
163,1200,2.106,0.439,2.151268695
163,1230,2.439,0.41,2.473220775
163,1300,2.271,0.474,2.319939008
163,1330,2.445,0.346,2.469360444
163,1400,2.211,0.243,2.224313377
126,0,1.752,0.576,1.844255948
126,30,1.967,0.623,2.063302692
126,100,2.352,0.796,2.483046516
126,130,2.162,0.794,2.303189093
126,200,2.409,0.843,2.552240192
126,230,2.825,0.89,2.961878627
126,300,2.805,1.048,2.994382908
126,330,3.036,1.158,3.249347627
126,400,2.57,0.954,2.741352951
126,430,2.651,1.019,2.840098942
126,500,2.914,1.047,3.096385796
126,530,2.531,0.946,2.702013508
126,600,2.899,1.167,3.125074399
126,630,3.222,1.185,3.433002913
126,700,3.598,1.465,3.88482033
126,730,3.669,1.444,3.942930002
126,800,4.098,1.644,4.415466
126,830,4.222,1.86,4.613554378
126,900,4.682,2.233,5.187235584
126,930,5.242,2.166,5.671870944
126,1000,4.656,2.112,5.112619681
126,1030,4.102,1.746,4.458129653
126,1100,4.119,1.694,4.453739665
126,1130,4.106,1.509,4.374507629
126,1200,4.136,1.403,4.367482685
126,1230,3.995,1.252,4.186589185
126,1300,3.407,1.393,3.680774103
126,1330,3.841,1.451,4.105932537
126,1400,3.443,1.377,3.708150213
126,1430,3.693,3.173,4.868899054
126,1500,3.29,1.232,3.513107456
126,1530,2.549,0.959,2.723432026
126,1600,3.269,1.188,3.478175527
126,1630,2.947,1.311,3.225450356
126,1700,3.613,1.45,3.893105316
126,1800,2.987,1.073,3.173877439
126,1830,2.374,1.122,2.625787501
126,1900,2.355,1.237,2.660111652
126,1930,2.256,0.677,2.355390626
126,2000,1.967,0.501,2.029800483
126,2030,1.782,0.437,1.834800534
126,2100,1.555,0.353,1.59456389
126,2130,0.922,0.137,0.932122846
126,2200,-0.635,-1.234,1.387797175
126,2230,-0.637,-1.175,1.336560511
126,2300,-0.38,-0.99,1.060424443
126,2330,-0.308,-0.813,0.869386565
127,0,-0.124,-0.579,0.592129209
127,30,-0.12,-0.746,0.755589836
127,100,0.157,-0.436,0.46340587
127,130,0.115,-0.5,0.513054578
127,200,0.18,-0.484,0.516387451
127,230,0.196,-0.475,0.5138492
127,300,0.415,-0.438,0.603381306
127,330,0.574,-0.36,0.677551474
127,400,0.487,-0.361,0.606209535
127,430,0.677,-0.236,0.716955368
127,500,0.596,-0.229,0.638480227
127,530,0.762,-0.252,0.802588313
127,600,0.672,-0.323,0.745595735
127,630,0.698,-0.259,0.74450319
127,700,0.736,-0.474,0.875426753
127,730,0.598,-0.651,0.883971153
127,800,0.576,-0.507,0.767349334
127,830,0.365,-0.637,0.734162107
127,900,0.273,-0.65,0.705002837
127,930,0.461,-0.618,0.771002594
127,1000,-1.018,-1.657,1.944729544
127,1030,0.033,-0.891,0.891610902
127,1100,-0.236,-1.097,1.122098481
127,1130,0.338,-0.525,0.624394907
127,1200,0.479,-0.586,0.756859961
127,1230,1.03,-0.183,1.046130489
127,1300,0.999,-0.23,1.025134625
127,1330,0.717,-0.611,0.942024416
127,1400,0.774,-0.293,0.827601957
127,1430,0.724,-0.163,0.742121958
127,1500,-0.097,-1.008,1.012656408
127,1530,-0.518,-1.183,1.291438345
127,1600,-0.54,-1.072,1.200326622
127,1630,-0.447,-0.998,1.09353235
127,1700,-0.896,-1.405,1.66638561
127,1730,-0.623,-1.218,1.368083696
127,1800,-0.582,-1.017,1.171756374
127,1830,-0.673,-1.166,1.346285631
127,1900,-0.168,-0.717,0.736419038
127,1930,-0.306,-0.855,0.908108474
127,2000,-0.375,-0.948,1.019474865
127,2030,-0.314,-0.855,0.910835331
127,2100,-0.21,-0.78,0.807774721
128,900,-0.179,-0.08,0.196063765
128,930,-0.184,-0.622,0.648644741
128,1000,-0.128,-0.413,0.432380619
128,1030,-0.361,-0.737,0.820664365
128,1100,-0.235,-0.3,0.38108398
128,1130,0.542,0.058,0.545094487
128,1200,0.702,-0.099,0.708946401
128,1230,0.631,-0.106,0.639841387
128,1300,0.291,0.218,0.363600055
128,1330,0.695,0.023,0.695380471
128,1400,0.577,-0.086,0.583373808
128,1430,0.495,-0.32,0.589427689
128,1500,0.252,-0.061,0.259277843
128,1530,0,0.52,0.52
128,1600,1.409,0.377,1.458564363
128,1630,2.224,0.474,2.273950747
128,1700,1.939,0.398,1.979425422
128,1730,2.441,0.561,2.504636101
128,1800,1.964,0.573,2.045880006
128,1830,1.481,0.454,1.549024532
128,1900,1.003,0.494,1.118054113
128,1930,1.124,0.638,1.292447291
128,2000,0.88,0.57,1.048475083
128,2030,1.036,0.541,1.168750187
128,2100,1.155,0.421,1.229335593
128,2130,1.5,0.335,1.536953155
128,2200,1.453,0.3,1.483647195
128,2230,1.434,0.205,1.448578959
128,2300,1.361,0.221,1.378826312
128,2330,1.434,0.168,1.443807466
129,0,1.269,0.177,1.281284512
129,30,1.254,0.241,1.276948315
129,100,1.347,0.269,1.373597467
129,130,1.322,0.242,1.343967262
129,200,1.348,0.23,1.367480896
129,230,1.427,0.21,1.442369232
129,300,1.439,0.243,1.459373153
129,330,1.291,0.228,1.310978642
129,400,1.149,0.252,1.176309908
129,430,1.195,0.186,1.209388689
129,500,1.277,0.301,1.311994665
129,530,1.477,0.372,1.523126062
129,600,1.356,0.288,1.386246731
129,630,1.319,0.231,1.339075054
129,700,0.707,0.265,0.75503245
129,730,0.796,0.474,0.9264405
129,800,1.075,0.511,1.190271398
129,830,1.92,0.914,2.126451504
130,0,0.07,0.468,0.473206086
130,30,-0.652,-0.055,0.654315673
130,100,-0.52,0.348,0.625702805
130,130,-0.132,0.942,0.951203448
130,200,0.125,1.257,1.263199905
130,230,-0.263,1.178,1.207001657
130,300,-0.542,0.744,0.920489
130,330,-0.536,0.974,1.111742776
130,400,0.045,1.286,1.286787084
130,430,2.827,3.656,4.621500298
130,500,3.767,4.755,6.066326236
130,530,3.585,4.703,5.913580472
130,600,3.745,4.749,6.047977017
130,630,3.284,4.238,5.361464352
130,700,-0.091,0.594,0.600930112
130,730,0.241,0.936,0.966528323
130,800,0.259,0.579,0.634288578
130,830,-0.309,0.454,0.549178477
130,900,-0.32,-0.053,0.324359369
130,930,-0.046,0.25,0.254196774
130,1000,2.2,2.423,3.272755567
130,1030,5.476,5.61,7.839558406
130,1100,5.27,5.63,7.711666487
130,1130,5.068,5.135,7.214766039
130,1200,3.502,3.463,4.925075939
130,1230,-0.011,-0.043,0.044384682
130,1300,0,0,0
130,1330,0,0,0
130,1400,0,0,0
130,1430,0,0,0
130,1500,0.463,1.593,1.658920733
130,1530,0.399,1.488,1.540566454
130,1600,0.559,1.687,1.777202858
130,1630,0.516,1.148,1.25863418
130,1700,0.692,1.379,1.542888525
130,1730,0.7,1.832,1.961179237
130,1800,0.577,1.169,1.30364489
130,1830,0.534,1.317,1.421142146
130,1900,0.51,0.884,1.020566509
130,1930,0.403,0.52,0.657882208
130,2000,0.356,0.404,0.538471912
130,2030,0.813,0.33,0.877421791
130,2100,0.637,0.32,0.712859734
130,2130,0.577,0.203,0.611668211
130,2200,0.252,0.166,0.301761495
130,2230,0.456,0.183,0.491350181
130,2300,0.442,0.182,0.478004184
130,2330,0.225,0.071,0.235936432
131,0,0.37,0.134,0.393517471
131,30,0.482,0.114,0.49529789
131,100,0.17,-0.128,0.212800376
131,130,-0.084,-0.377,0.386244741
131,200,-0.209,-0.492,0.534551214
131,230,-0.385,-0.69,0.790142392
131,300,-0.319,-0.637,0.712411398
131,330,-0.384,-0.645,0.750653715
131,400,-0.13,-0.557,0.571969405
131,430,-0.254,-0.659,0.706255619
131,500,-0.042,-0.435,0.437022883
131,530,-0.1,-0.541,0.550164521
131,600,-0.137,-0.526,0.543548526
131,630,-0.144,-0.579,0.596638081
131,700,0.027,-0.41,0.410888063
131,730,-0.19,-0.652,0.679120019
131,800,-0.253,-0.604,0.65484731
131,830,-0.212,-0.632,0.666609331
131,900,-0.238,-0.41,0.474071725
131,930,0.524,0.032,0.52497619
131,1000,0.362,-0.209,0.418001196
131,1030,0.716,-0.03,0.716628216
131,1100,1.421,0.134,1.427304102
131,1130,2.099,0.453,2.147326244
131,1200,0.015,-0.668,0.668168392
131,1230,-0.237,-0.37,0.439396177
131,1300,-0.462,-0.698,0.837047191
131,1330,-0.321,-0.567,0.651559667
131,1400,0.286,0.108,0.305712283
131,1430,-0.033,-0.428,0.429270311
131,1500,-0.266,-0.439,0.513300107
131,1530,0.055,-0.466,0.469234483
131,1600,0.417,-0.274,0.498963927
131,1630,1.975,0.556,2.051770211
131,1700,1.642,0.465,1.706572296
131,1730,2.023,0.424,2.066955491
131,1800,2.016,0.4,2.055299492
131,1830,1.736,0.358,1.772529266
131,1900,1.247,0.251,1.27201022
131,1930,0.068,-0.528,0.53236078
131,2000,0.114,-0.55,0.561690306
131,2030,0.306,-0.159,0.344843443
131,2100,0.211,-0.259,0.334068855
131,2130,0.512,0.013,0.512165012
131,2200,0.166,-0.297,0.340242561
131,2230,0.303,-0.194,0.359784658
131,2300,0.24,-0.192,0.307349963
131,2330,0.83,0.147,0.842916959
132,0,0.871,0.139,0.882021542
132,30,0.735,0.074,0.738715778
132,100,0.551,0.155,0.572386233
132,130,0.611,0.074,0.615464865
132,200,1.164,0.179,1.177682895
132,230,1.146,0.229,1.168656066
132,300,1.05,0.199,1.068691256
132,330,0.969,0.243,0.999004504
132,400,1.163,0.21,1.181807514
132,430,0.982,0.264,1.01686774
132,500,1.388,0.31,1.422196892
132,530,1.205,0.237,1.228085502
132,600,0.978,0.332,1.032815569
132,630,0.99,0.22,1.01414989
132,700,1.01,0.36,1.072240645
132,730,1.31,0.377,1.363168735
132,800,1.939,0.445,1.989408455
132,830,2.016,0.472,2.070516844
132,900,1.671,0.489,1.741080699
132,930,1.753,0.512,1.826240127
132,1000,2.173,0.546,2.240545692
132,1030,2.719,0.699,2.807411975
132,1100,2.961,0.561,3.013675829
132,1130,2.968,0.641,3.036429647
132,1200,3.018,0.551,3.06788608
132,1230,3.265,0.558,3.312338902
132,1300,4.136,0.771,4.207248151
132,1330,0,0.748,0.748
132,1400,4.571,0.992,4.67740366
132,1430,4.816,0.741,4.87267247
132,1500,3.69,0.4,3.711616898
132,1530,4.346,0.674,4.39795316
132,1600,4.188,0.436,4.210634157
132,1630,4.404,0.455,4.427441812
132,1700,4.547,0.556,4.580867276
132,1730,4.718,0.513,4.74580794
132,1800,4.09,0.408,4.110299746
132,1830,3.756,0.567,3.798555647
132,1900,3.529,0.475,3.560823781
132,1930,3.503,0.437,3.530152688
132,2000,3.452,0.468,3.483579768
132,2030,3.414,0.442,3.442493282
132,2100,3.061,0.458,3.095074313
132,2130,2.915,0.423,2.945531191
132,2200,2.659,0.471,2.700392934
132,2230,2.581,0.422,2.615271496
132,2300,2.725,0.53,2.77606286
132,2330,2.465,0.456,2.50682289
133,0,2.832,0.574,2.889584745
133,30,2.612,0.467,2.653419115
133,100,2.508,0.493,2.555995501
133,130,2.513,0.483,2.558995506
133,200,2.653,0.64,2.729104065
133,230,3.1,0.556,3.149465986
133,300,3.059,0.687,3.135195369
133,330,2.236,0.746,2.357161853
133,400,1.658,0.733,1.812802526
133,430,1.989,0.636,2.088209041
133,500,2.304,0.871,2.463139663
133,530,2.057,0.78,2.199920226
133,600,1.368,0.668,1.522382344
133,630,1.478,0.769,1.666086732
133,700,1.935,0.687,2.053337284
133,730,2.318,0.824,2.460101624
133,800,2.523,0.938,2.691723054
133,830,2.624,1.075,2.835665883
133,900,2.838,1.203,3.0824427
133,930,2.618,0.791,2.734886652
133,1000,2.595,0.788,2.712004609
133,1030,2.789,0.713,2.878695885
133,1100,2.836,0.757,2.935293001
133,1130,2.882,0.95,3.034538515
133,1200,2.615,0.738,2.717143537
133,1230,3.109,0.987,3.26190895
133,1300,3.105,0.907,3.234760269
133,1330,3.162,0.847,3.273477203
133,1400,3.461,1.108,3.634031508
133,1430,2.792,1.038,2.978709116
133,1500,2.488,0.698,2.584056501
133,1530,1.489,0.297,1.518331321
133,1600,1.373,0.422,1.436388875
133,1630,1.11,0.241,1.135861347
133,1700,1.035,0.219,1.057915876
133,1730,1.098,0.264,1.129291813
133,1800,1.444,0.358,1.487716371
133,1830,1.577,0.56,1.673478115
133,1900,1.373,0.456,1.446742894
133,1930,1.089,0.431,1.171188285
133,2000,1.042,0.465,1.141047326
133,2030,1.194,0.748,1.408949964
133,2100,1.382,1.198,1.828969109
133,2130,1.219,0.504,1.319081878
133,2200,0,0,0
133,2230,0,0,0
133,2300,0,0,0
133,2330,0,0,0
134,0,0,0,0
134,30,-0.101,-0.364,0.377752565
134,100,0,0,0
134,130,-1.031,0.066,1.033110352
134,200,-0.053,0.033,0.062433965
134,230,-0.154,0.306,0.342566782
134,300,0.043,-0.076,0.087321246
134,330,-0.199,-0.042,0.203383874
134,400,-0.063,0.197,0.206828431
134,430,-0.043,0.147,0.153160047
134,500,0.092,0.112,0.144941367
134,530,0.288,0.199,0.35006428
134,600,0.24,-0.032,0.242123935
134,630,0.312,0.052,0.316303652
134,700,0.609,0.165,0.630956417
134,730,1.031,0.268,1.065262878
134,800,1.526,0.377,1.571879448
134,830,1.397,0.471,1.474262528
134,900,1.895,0.529,1.967451651
134,930,1.44,0.299,1.470714452
134,1000,1.795,0.372,1.833141838
134,1030,1.484,0.235,1.502491597
134,1100,2.016,0.333,2.043317156
134,1130,2.458,0.324,2.479261987
134,1200,2.447,0.491,2.495774429
134,1230,2.523,0.408,2.555776399
134,1300,2.887,0.338,2.906718597
134,1330,2.968,0.363,2.990115884
134,1400,3.06,0.467,3.095430342
134,1430,3.452,0.435,3.479300073
134,1500,4.033,0.548,4.070060565
134,1530,3.06,0.513,3.102703499
134,1600,3.175,0.535,3.219759308
134,1630,3.49,0.467,3.521106218
134,1700,3.454,0.377,3.474513635
134,1730,3.773,0.445,3.799151747
134,1800,3.737,0.422,3.760751654
134,1830,3.13,0.469,3.164942496
134,1900,2.912,0.567,2.96668721
134,1930,2.687,0.661,2.767108599
134,2000,2.634,0.501,2.681223042
134,2030,2.46,0.461,2.502822607
134,2100,1.951,0.442,2.000441201
134,2130,1.735,0.471,1.79779476
134,2200,2.248,0.598,2.326178841
134,2230,1.886,0.431,1.934620635
134,2300,1.613,0.427,1.668561656
134,2330,1.756,0.415,1.804372744
135,0,1.853,0.449,1.906622668
135,30,1.948,0.486,2.007710138
135,100,1.816,0.434,1.867140059
135,130,1.784,0.531,1.861348167
135,200,1.814,0.621,1.917351559
135,230,1.632,0.496,1.705708064
135,300,1.46,0.541,1.557010276
135,330,1.733,0.609,1.836891396
135,400,1.415,0.656,1.559666952
135,430,1.427,0.438,1.492706602
135,500,1.486,0.712,1.647768188
135,530,1.203,0.602,1.34521857
135,600,0.971,0.506,1.094932418
135,630,0.827,0.619,1.033000484
135,700,2.005,1.988,2.823502966
135,730,2.34,1.646,2.86092922
135,800,2.972,1.835,3.492851128
135,830,3.215,1.529,3.560065449
135,900,3.57,1.492,3.869232999
135,930,3.858,1.455,4.123249811
135,1000,3.818,1.462,4.088345387
135,1030,3.379,1.425,3.667187751
135,1100,3.71,1.469,3.990245732
135,1130,4.027,1.456,4.28213323
135,1200,3.712,1.147,3.88517091
135,1230,4.311,1.25,4.488565584
135,1300,3.499,1.188,3.695178615
135,1330,3.232,1.338,3.498009148
135,1400,3.385,1.117,3.564535594
135,1430,3.956,1.501,4.23118624
135,1500,3.34,1.096,3.515226309
135,1530,3.025,0.95,3.170666334
135,1600,2.987,0.856,3.107234301
135,1630,3.342,1.148,3.533676273
135,1700,3.403,1.075,3.568758047
135,1730,2.644,0.871,2.783770285
135,1800,2.998,0.933,3.139823721
135,1830,2.757,0.72,2.849464687
135,1900,2.515,0.731,2.619081137
135,1930,2.355,0.744,2.469728932
135,2000,2.392,0.721,2.498300422
135,2030,2.36,0.822,2.499056622
135,2100,1.764,0.625,1.871448904
135,2130,1.279,0.659,1.438791854
135,2200,1.13,0.732,1.346374391
135,2230,0.784,0.563,0.965207232
135,2300,0.636,0.597,0.872298687
135,2330,1.451,0.991,1.757123217
136,0,1.445,0.813,1.658009047
136,30,1.583,0.967,1.854987331
136,100,1.279,0.625,1.423539954
136,130,1.077,0.805,1.3446018
136,200,1.261,0.658,1.422351926
136,230,0.939,0.331,0.995631458
136,300,0.921,0.428,1.015590961
136,330,1.625,1.139,1.984425862
136,400,0.226,-0.16,0.276904316
136,430,-0.314,0.159,0.351961646
136,500,-0.424,0.672,0.794581651
136,530,-0.506,0.16,0.530693885
136,600,0.117,0,0.117
136,630,3.703,0,3.703
136,700,3.298,0,3.298
136,730,1.194,0,1.194
136,800,-0.006,1.711,1.71101052
136,830,-0.212,0.013,0.212398211
136,1300,3.725,0.549,3.765239169
136,1330,3.184,0.528,3.227481991
136,1400,3.019,0.278,3.031772584
136,1430,1.557,0.114,1.561167832
136,1500,1.262,-0.193,1.276672628
136,1530,0.046,-0.778,0.779358711
136,1600,1.41,-0.101,1.413612748
136,1630,1.166,-0.338,1.214001647
136,1700,0.849,-0.346,0.916797142
136,1730,0.769,-0.082,0.773359554
136,1800,1.169,-0.114,1.174545444
136,1830,1.324,0.159,1.33351303
136,1900,1.333,0.002,1.3330015
136,1930,0.922,-0.191,0.941575807
136,2000,1.425,0.273,1.450914884
136,2030,1.83,0.384,1.86985454
136,2100,2.018,0.375,2.052546954
136,2130,1.16,0.06,1.161550688
136,2200,0.366,-0.459,0.587057919
136,2230,-0.182,-0.841,0.860467896
136,2300,-0.049,-0.893,0.894343335
136,2330,1.492,0.109,1.49597627
137,0,1.718,0.337,1.7507407
137,30,1.552,0.222,1.567797181
137,100,1.75,0.123,1.754317246
137,130,1.579,0.096,1.581915611
137,200,1.642,0.213,1.655757531
137,230,1.81,0.184,1.819328448
137,300,1.621,0.1,1.624081587
137,330,1.672,0.275,1.694464222
137,400,1.648,0.138,1.653767819
137,430,1.665,0.209,1.678066149
137,500,1.663,0.057,1.663976562
137,530,1.516,0.056,1.517033948
137,600,1.591,0.058,1.592056846
137,630,1.505,0.12,1.509776474
137,700,1.81,0.12,1.813973539
137,730,1.665,0.208,1.677941894
137,800,2.402,0.332,2.424835665
137,830,2.64,0.22,2.649150807
137,900,3.057,0.353,3.077313439
137,930,3.096,0.313,3.111781644
137,1000,3.009,0.334,3.027480305
137,1030,3.385,0.479,3.418722861
137,1100,3.935,0.576,3.976933618
137,1130,3.87,0.575,3.912483227
137,1200,4.276,0.75,4.341275849
137,1230,4.401,0.72,4.459506811
137,1300,3.792,0.759,3.867214114
137,1330,4.504,0.76,4.567670741
137,1400,4.16,0.559,4.197389784
137,1430,4.085,0.621,4.131932478
137,1500,3.968,0.605,4.013857123
137,1530,4.221,0.705,4.279470294
137,1600,4.002,0.7,4.062758176
137,1630,3.969,0.624,4.01775273
137,1700,3.597,0.614,3.649027953
137,1730,3.332,0.55,3.377088095
137,1800,2.429,0.438,2.468174427
137,1830,2.552,0.427,2.587476183
137,1900,2.745,0.448,2.781317853
137,1930,2.762,0.332,2.781882097
137,2000,2.57,0.451,2.609272121
137,2030,2.249,0.405,2.285175267
137,2100,2.211,0.413,2.249242095
137,2130,2.112,0.465,2.162583871
137,2200,1.754,0.334,1.785517292
137,2230,1.694,0.401,1.740815039
137,2300,1.157,0.314,1.198851534
137,2330,1.476,0.306,1.507385817
138,0,1.369,0.241,1.390051078
138,30,1.041,0.214,1.062768554
138,100,1.12,0.213,1.14007412
138,130,1.076,0.209,1.09610994
138,200,0.449,-0.058,0.452730604
138,230,-0.152,-0.574,0.593784473
138,300,-0.342,-0.673,0.754912578
138,330,-0.397,-0.636,0.74973662
138,400,-0.256,-0.503,0.564397909
138,430,-0.598,-0.663,0.892845451
138,500,-0.418,-0.486,0.64103042
138,530,-0.459,-0.614,0.766600939
138,600,-0.485,-0.692,0.845037869
138,630,-0.595,-0.784,0.984215932
138,700,-0.563,-0.638,0.850889535
138,730,-0.275,-0.354,0.448264431
138,800,-0.397,-0.136,0.419648663
138,830,-0.531,-0.438,0.688334948
138,900,0.09,0.369,0.379817061
138,930,-0.139,0.145,0.200863137
138,1000,-0.025,0.174,0.175786803
138,1030,0.41,0.613,0.737474745
138,1100,0.213,0.062,0.221840032
138,1130,0.241,0.017,0.241598841
138,1200,0.218,0.115,0.246473122
138,1230,1.133,0.228,1.1557132
138,1300,0.613,0.092,0.619865308
138,1330,1.641,0.164,1.649174642
138,1400,1.968,0.173,1.975589279
138,1430,2.076,0.342,2.103981939
138,1500,2.706,0.436,2.740899852
138,1530,2.89,0.609,2.953469316
138,1600,2.921,0.432,2.952772426
138,1630,2.984,0.297,2.998743904
138,1700,2.828,0.409,2.85742279
138,1730,3.097,0.415,3.124681424
138,1800,3.244,0.367,3.264693707
138,1830,2.738,0.489,2.781324325
138,1900,2.503,0.584,2.570226644
138,1930,2.857,0.52,2.903936811
138,2000,2.516,0.393,2.546508394
138,2030,2.186,0.348,2.213526598
138,2100,2.212,0.229,2.22382216
138,2130,1.879,0.221,1.891951902
138,2200,1.752,0.176,1.760817992
138,2230,1.734,0.277,1.755985478
138,2300,1.884,0.355,1.917154402
138,2330,1.608,0.396,1.656043478
139,0,1.77,0.276,1.791389405
139,30,1.265,0.338,1.309377333
139,100,0.815,0.248,0.851897294
139,130,0.765,0.22,0.796005653
139,200,0.684,0.426,0.805811392
139,230,0.949,0.427,1.040639227
139,300,0.947,0.413,1.033139874
139,330,1.366,0.516,1.460209574
139,400,1.873,0.887,2.072413569
139,430,1.968,1.197,2.303439385
139,500,2.203,1.189,2.50338371
139,530,1.962,1.189,2.294158887
139,600,2.193,1.474,2.642333249
139,730,1.16,0.971,1.512759399
139,800,1.16,0.742,1.377012709
139,830,1.295,0.705,1.474466005
139,900,1.142,0.562,1.272795349
139,930,1.099,0.998,1.484521809
139,1030,0.965,0.566,1.11874081
139,1100,1.318,0.762,1.522421755
139,1130,1.315,0.292,1.347029695
139,1200,0.104,-0.24,0.261564524
139,1230,-0.155,0.044,0.161124176
139,1300,-0.165,0.711,0.729894513
139,1330,3.464,3.896,5.213263086
139,1400,5.25,6.043,8.005020237
139,1430,0.35,1.006,1.065145999
139,1500,0.581,1.756,1.849620772
139,1530,0.795,1.932,2.089174239
139,1600,0.136,1.984,1.988655827
139,1630,0.389,0.639,0.74809224
