r,theta,observations,leaves,release_no,year,release_in_year
0,0,30,290,1,1995,0
0,0,20,214,1,1995,0
0,0,29,94,1,1995,0
0,0,11,160,1,1995,0
0,0,23,173,1,1995,0
0,0,11,88,1,1995,0
0,0,11,127,1,1995,0
0,0,6,160,1,1995,0
0,0,9,126,1,1995,0
0,0,6,202,1,1995,0
0,0,10,84,1,1995,0
0,0,6,101,1,1995,0
0,0,6,105,1,1995,0
0,0,6,88,1,1995,0
0,0,2,115,1,1995,0
0,0,12,160,1,1995,0
0,0,9,124,1,1995,0
0,0,10,149,1,1995,0
0,0,8,126,1,1995,0
0,0,10,150,1,1995,0
0,0,16,166,2,1995,1
0,0,20,106,2,1995,1
0,0,11,116,2,1995,1
0,0,23,117,2,1995,1
0,0,16,104,2,1995,1
0,0,19,92,2,1995,1
0,0,54,89,2,1995,1
0,0,13,85,2,1995,1
0,0,26,156,2,1995,1
0,0,11,109,2,1995,1
0,0,20,71,2,1995,1
0,0,10,85,2,1995,1
0,0,11,89,2,1995,1
0,0,8,42,2,1995,1
0,0,7,43,2,1995,1
0,0,12,82,2,1995,1
0,0,11,73,2,1995,1
0,0,10,101,2,1995,1
0,0,8,78,2,1995,1
0,0,14,99,2,1995,1
0,0,20,125,1,1995,0
5,0,7,187,1,1995,0
10,0,10,116,1,1995,0
15,0,2,187,1,1995,0
20,0,0,1,1,1995,0
25,0,0,1,1,1995,0
0,0,10,103,1,1995,0
5,0,17,83,1,1995,0
10,0,14,169,1,1995,0
15,0,10,93,1,1995,0
20,0,10,96,1,1995,0
25,0,0,1,1,1995,0
30,0,0,1,1,1995,0
0,0,6,65,1,1995,0
5,0,7,88,1,1995,0
10,0,8,62,1,1995,0
15,0,6,67,1,1995,0
20,0,6,79,1,1995,0
25,0,0,1,1,1995,0
30,0,1,73,1,1995,0
35,0,0,1,1,1995,0
40,0,0,1,1,1995,0
0,0,9,120,1,1995,0
5,0,18,141,1,1995,0
10,0,6,97,1,1995,0
15,0,5,93,1,1995,0
20,0,0,1,1,1995,0
25,0,0,1,1,1995,0
0,0,17,98,2,1995,1
5,0,19,108,2,1995,1
10,0,43,102,2,1995,1
15,0,34,127,2,1995,1
20,0,27,240,2,1995,1
25,0,10,96,2,1995,1
30,0,7,151,2,1995,1
35,0,0,1,2,1995,1
40,0,0,1,2,1995,1
0,0,28,110,2,1995,1
5,0,32,107,2,1995,1
10,0,43,107,2,1995,1
15,0,22,92,2,1995,1
20,0,13,100,2,1995,1
25,0,0,1,2,1995,1
30,0,1,127,2,1995,1
35,0,0,1,2,1995,1
40,0,0,1,2,1995,1
0,0,12,57,2,1995,1
5,0,16,67,2,1995,1
10,0,11,74,2,1995,1
15,0,12,83,2,1995,1
20,0,1,123,2,1995,1
25,0,0,1,2,1995,1
30,0,0,1,2,1995,1
0,0,7,46,2,1995,1
5,0,30,129,2,1995,1
10,0,6,63,2,1995,1
15,0,3,69,2,1995,1
20,0,2,39,2,1995,1
25,0,0,1,2,1995,1
30,0,0,1,2,1995,1
0,5.49778714378214,13,149,1,1995,0
5,5.49778714378214,1,236,1,1995,0
10,5.49778714378214,3,180,1,1995,0
15,5.49778714378214,6,141,1,1995,0
20,5.49778714378214,0,1,1,1995,0
30,5.49778714378214,0,1,1,1995,0
0,5.49778714378214,4,156,1,1995,0
5,5.49778714378214,5,138,1,1995,0
10,5.49778714378214,0,1,1,1995,0
15,5.49778714378214,6,105,1,1995,0
20,5.49778714378214,0,1,1,1995,0
30,5.49778714378214,0,1,1,1995,0
0,5.49778714378214,5,73,1,1995,0
5,5.49778714378214,2,102,1,1995,0
10,5.49778714378214,3,74,1,1995,0
15,5.49778714378214,2,94,1,1995,0
20,5.49778714378214,0,1,1,1995,0
30,5.49778714378214,0,1,1,1995,0
0,5.49778714378214,12,168,1,1995,0
5,5.49778714378214,4,107,1,1995,0
10,5.49778714378214,1,129,1,1995,0
15,5.49778714378214,3,137,1,1995,0
20,5.49778714378214,0,1,1,1995,0
30,5.49778714378214,0,1,1,1995,0
0,5.49778714378214,42,255,2,1995,1
5,5.49778714378214,17,142,2,1995,1
10,5.49778714378214,7,163,2,1995,1
15,5.49778714378214,4,127,2,1995,1
20,5.49778714378214,10,172,2,1995,1
30,5.49778714378214,0,1,2,1995,1
35,5.49778714378214,0,1,2,1995,1
0,5.49778714378214,5,130,2,1995,1
5,5.49778714378214,3,180,2,1995,1
10,5.49778714378214,0,1,2,1995,1
15,5.49778714378214,0,1,2,1995,1
0,5.49778714378214,11,73,2,1995,1
5,5.49778714378214,12,106,2,1995,1
10,5.49778714378214,5,88,2,1995,1
15,5.49778714378214,3,84,2,1995,1
20,5.49778714378214,1,91,2,1995,1
30,5.49778714378214,0,1,2,1995,1
35,5.49778714378214,0,1,2,1995,1
0,5.49778714378214,12,165,2,1995,1
5,5.49778714378214,5,94,2,1995,1
10,5.49778714378214,9,107,2,1995,1
15,5.49778714378214,5,162,2,1995,1
20,5.49778714378214,1,86,2,1995,1
30,5.49778714378214,0,1,2,1995,1
35,5.49778714378214,0,1,2,1995,1
0,4.71238898038469,17,409,1,1995,0
5,4.71238898038469,6,173,1,1995,0
10,4.71238898038469,3,154,1,1995,0
15,4.71238898038469,1,194,1,1995,0
20,4.71238898038469,0,1,1,1995,0
25,4.71238898038469,0,1,1,1995,0
0,4.71238898038469,5,147,1,1995,0
5,4.71238898038469,1,126,1,1995,0
10,4.71238898038469,1,198,1,1995,0
15,4.71238898038469,3,66,1,1995,0
20,4.71238898038469,0,1,1,1995,0
25,4.71238898038469,0,1,1,1995,0
0,4.71238898038469,8,106,1,1995,0
5,4.71238898038469,2,93,1,1995,0
10,4.71238898038469,1,73,1,1995,0
15,4.71238898038469,0,1,1,1995,0
20,4.71238898038469,0,1,1,1995,0
0,4.71238898038469,12,136,1,1995,0
5,4.71238898038469,6,127,1,1995,0
10,4.71238898038469,3,112,1,1995,0
15,4.71238898038469,2,103,1,1995,0
20,4.71238898038469,0,1,1,1995,0
25,4.71238898038469,0,1,1,1995,0
0,4.71238898038469,19,143,2,1995,1
5,4.71238898038469,7,108,2,1995,1
10,4.71238898038469,2,107,2,1995,1
15,4.71238898038469,0,1,2,1995,1
20,4.71238898038469,0,1,2,1995,1
0,4.71238898038469,11,183,2,1995,1
5,4.71238898038469,3,155,2,1995,1
10,4.71238898038469,1,111,2,1995,1
15,4.71238898038469,0,1,2,1995,1
20,4.71238898038469,0,1,2,1995,1
0,4.71238898038469,6,82,2,1995,1
5,4.71238898038469,2,78,2,1995,1
10,4.71238898038469,0,1,2,1995,1
15,4.71238898038469,0,1,2,1995,1
20,4.71238898038469,0,1,2,1995,1
0,4.71238898038469,3,74,2,1995,1
5,4.71238898038469,1,1,2,1995,1
10,4.71238898038469,1,107,2,1995,1
15,4.71238898038469,1,110,2,1995,1
20,4.71238898038469,3,203,2,1995,1
25,4.71238898038469,0,1,2,1995,1
25,4.71238898038469,0,1,2,1995,1
0,3.92699081698724,19,157,1,1995,0
5,3.92699081698724,6,143,1,1995,0
10,3.92699081698724,4,145,1,1995,0
15,3.92699081698724,3,188,1,1995,0
20,3.92699081698724,0,1,1,1995,0
25,3.92699081698724,0,1,1,1995,0
0,3.92699081698724,4,109,1,1995,0
5,3.92699081698724,2,190,1,1995,0
10,3.92699081698724,0,1,1,1995,0
15,3.92699081698724,0,1,1,1995,0
20,3.92699081698724,0,1,1,1995,0
25,3.92699081698724,0,1,1,1995,0
0,3.92699081698724,1,73,1,1995,0
5,3.92699081698724,1,71,1,1995,0
10,3.92699081698724,0,1,1,1995,0
15,3.92699081698724,0,1,1,1995,0
0,3.92699081698724,15,183,1,1995,0
5,3.92699081698724,9,185,1,1995,0
10,3.92699081698724,2,135,1,1995,0
15,3.92699081698724,0,1,1,1995,0
20,3.92699081698724,0,1,1,1995,0
0,3.92699081698724,12,91,2,1995,1
5,3.92699081698724,1,135,2,1995,1
10,3.92699081698724,0,1,2,1995,1
15,3.92699081698724,0,1,2,1995,1
0,3.92699081698724,12,122,2,1995,1
5,3.92699081698724,3,132,2,1995,1
10,3.92699081698724,0,1,2,1995,1
15,3.92699081698724,0,1,2,1995,1
0,3.92699081698724,2,76,2,1995,1
5,3.92699081698724,0,1,2,1995,1
10,3.92699081698724,0,1,2,1995,1
0,3.92699081698724,2,83,2,1995,1
5,3.92699081698724,4,115,2,1995,1
10,3.92699081698724,1,114,2,1995,1
15,3.92699081698724,2,96,2,1995,1
20,3.92699081698724,2,100,2,1995,1
25,3.92699081698724,0,1,2,1995,1
30,3.92699081698724,0,1,2,1995,1
0,3.14159265358979,9,121,1,1995,0
5,3.14159265358979,15,186,1,1995,0
10,3.14159265358979,6,208,1,1995,0
15,3.14159265358979,4,157,1,1995,0
20,3.14159265358979,0,1,1,1995,0
25,3.14159265358979,0,1,1,1995,0
0,3.14159265358979,7,115,1,1995,0
5,3.14159265358979,2,133,1,1995,0
10,3.14159265358979,1,218,1,1995,0
15,3.14159265358979,2,195,1,1995,0
20,3.14159265358979,0,1,1,1995,0
25,3.14159265358979,0,1,1,1995,0
0,3.14159265358979,4,50,1,1995,0
5,3.14159265358979,4,93,1,1995,0
10,3.14159265358979,5,100,1,1995,0
15,3.14159265358979,0,1,1,1995,0
20,3.14159265358979,0,1,1,1995,0
0,3.14159265358979,8,116,1,1995,0
5,3.14159265358979,3,119,1,1995,0
10,3.14159265358979,2,175,1,1995,0
15,3.14159265358979,0,1,1,1995,0
20,3.14159265358979,0,1,1,1995,0
0,3.14159265358979,5,132,2,1995,1
5,3.14159265358979,4,89,2,1995,1
10,3.14159265358979,0,1,2,1995,1
15,3.14159265358979,0,1,2,1995,1
0,3.14159265358979,22,119,2,1995,1
5,3.14159265358979,13,172,2,1995,1
10,3.14159265358979,4,102,2,1995,1
15,3.14159265358979,1,132,2,1995,1
20,3.14159265358979,0,1,2,1995,1
25,3.14159265358979,0,1,2,1995,1
0,3.14159265358979,4,49,2,1995,1
5,3.14159265358979,1,62,2,1995,1
10,3.14159265358979,1,65,2,1995,1
15,3.14159265358979,0,1,2,1995,1
20,3.14159265358979,0,1,2,1995,1
0,3.14159265358979,0,1,2,1995,1
5,3.14159265358979,0,1,2,1995,1
0,2.35619449019234,7,200,1,1995,0
5,2.35619449019234,6,134,1,1995,0
10,2.35619449019234,8,372,1,1995,0
15,2.35619449019234,8,153,1,1995,0
20,2.35619449019234,0,1,1,1995,0
25,2.35619449019234,0,1,1,1995,0
0,2.35619449019234,7,126,1,1995,0
5,2.35619449019234,3,120,1,1995,0
10,2.35619449019234,3,146,1,1995,0
15,2.35619449019234,0,1,1,1995,0
20,2.35619449019234,1,111,1,1995,0
25,2.35619449019234,0,1,1,1995,0
30,2.35619449019234,0,1,1,1995,0
0,2.35619449019234,12,93,1,1995,0
5,2.35619449019234,2,63,1,1995,0
10,2.35619449019234,3,81,1,1995,0
15,2.35619449019234,0,1,1,1995,0
20,2.35619449019234,0,1,1,1995,0
0,2.35619449019234,5,122,1,1995,0
5,2.35619449019234,4,329,1,1995,0
10,2.35619449019234,3,235,1,1995,0
15,2.35619449019234,0,1,1,1995,0
20,2.35619449019234,0,1,1,1995,0
0,2.35619449019234,5,147,2,1995,1
5,2.35619449019234,0,1,2,1995,1
10,2.35619449019234,0,1,2,1995,1
0,2.35619449019234,11,94,2,1995,1
5,2.35619449019234,8,142,2,1995,1
10,2.35619449019234,12,202,2,1995,1
15,2.35619449019234,0,1,2,1995,1
20,2.35619449019234,3,114,2,1995,1
25,2.35619449019234,0,1,2,1995,1
30,2.35619449019234,0,1,2,1995,1
0,2.35619449019234,4,104,2,1995,1
5,2.35619449019234,3,111,2,1995,1
10,2.35619449019234,1,120,2,1995,1
15,2.35619449019234,0,1,2,1995,1
20,2.35619449019234,0,1,2,1995,1
0,2.35619449019234,8,101,2,1995,1
5,2.35619449019234,4,137,2,1995,1
10,2.35619449019234,2,71,2,1995,1
15,2.35619449019234,3,136,2,1995,1
20,2.35619449019234,3,90,2,1995,1
25,2.35619449019234,0,1,2,1995,1
30,2.35619449019234,0,1,2,1995,1
0,1.5707963267949,12,176,1,1995,0
5,1.5707963267949,8,115,1,1995,0
10,1.5707963267949,21,405,1,1995,0
15,1.5707963267949,7,130,1,1995,0
20,1.5707963267949,0,1,1,1995,0
30,1.5707963267949,0,1,1,1995,0
0,1.5707963267949,5,176,1,1995,0
5,1.5707963267949,6,99,1,1995,0
10,1.5707963267949,5,117,1,1995,0
15,1.5707963267949,4,70,1,1995,0
20,1.5707963267949,6,134,1,1995,0
30,1.5707963267949,0,1,1,1995,0
35,1.5707963267949,0,1,1,1995,0
0,1.5707963267949,18,104,1,1995,0
5,1.5707963267949,7,63,1,1995,0
10,1.5707963267949,6,56,1,1995,0
15,1.5707963267949,1,50,1,1995,0
20,1.5707963267949,0,1,1,1995,0
30,1.5707963267949,0,1,1,1995,0
0,1.5707963267949,6,114,1,1995,0
5,1.5707963267949,4,133,1,1995,0
10,1.5707963267949,3,143,1,1995,0
15,1.5707963267949,6,173,1,1995,0
20,1.5707963267949,0,1,1,1995,0
30,1.5707963267949,0,1,1,1995,0
0,1.5707963267949,17,99,2,1995,1
5,1.5707963267949,8,160,2,1995,1
10,1.5707963267949,12,137,2,1995,1
15,1.5707963267949,11,137,2,1995,1
20,1.5707963267949,2,155,2,1995,1
30,1.5707963267949,0,1,2,1995,1
35,1.5707963267949,0,1,2,1995,1
0,1.5707963267949,30,128,2,1995,1
5,1.5707963267949,35,96,2,1995,1
10,1.5707963267949,18,78,2,1995,1
15,1.5707963267949,27,132,2,1995,1
20,1.5707963267949,13,172,2,1995,1
30,1.5707963267949,3,154,2,1995,1
35,1.5707963267949,0,1,2,1995,1
40,1.5707963267949,0,1,2,1995,1
0,1.5707963267949,7,65,2,1995,1
5,1.5707963267949,7,98,2,1995,1
10,1.5707963267949,0,1,2,1995,1
15,1.5707963267949,0,1,2,1995,1
0,1.5707963267949,12,118,2,1995,1
5,1.5707963267949,6,71,2,1995,1
10,1.5707963267949,5,79,2,1995,1
15,1.5707963267949,6,106,2,1995,1
20,1.5707963267949,11,88,2,1995,1
30,1.5707963267949,0,1,2,1995,1
35,1.5707963267949,0,1,2,1995,1
0,0.785398163397448,15,129,1,1995,0
5,0.785398163397448,11,175,1,1995,0
10,0.785398163397448,7,171,1,1995,0
15,0.785398163397448,2,126,1,1995,0
20,0.785398163397448,0,1,1,1995,0
30,0.785398163397448,0,1,1,1995,0
0,0.785398163397448,8,163,1,1995,0
5,0.785398163397448,9,115,1,1995,0
10,0.785398163397448,10,89,1,1995,0
15,0.785398163397448,11,76,1,1995,0
20,0.785398163397448,9,98,1,1995,0
30,0.785398163397448,0,1,1,1995,0
40,0.785398163397448,0,1,1,1995,0
0,0.785398163397448,15,64,1,1995,0
5,0.785398163397448,11,94,1,1995,0
10,0.785398163397448,12,68,1,1995,0
15,0.785398163397448,11,108,1,1995,0
20,0.785398163397448,7,72,1,1995,0
30,0.785398163397448,10,122,1,1995,0
40,0.785398163397448,1,72,1,1995,0
45,0.785398163397448,0,1,1,1995,0
50,0.785398163397448,0,1,1,1995,0
0,0.785398163397448,4,163,1,1995,0
5,0.785398163397448,4,76,1,1995,0
10,0.785398163397448,8,125,1,1995,0
15,0.785398163397448,5,78,1,1995,0
20,0.785398163397448,0,1,1,1995,0
30,0.785398163397448,0,1,1,1995,0
0,0.785398163397448,12,90,2,1995,1
5,0.785398163397448,12,116,2,1995,1
10,0.785398163397448,10,80,2,1995,1
15,0.785398163397448,47,154,2,1995,1
20,0.785398163397448,34,91,2,1995,1
30,0.785398163397448,13,113,2,1995,1
40,0.785398163397448,2,272,2,1995,1
45,0.785398163397448,0,1,2,1995,1
50,0.785398163397448,0,1,2,1995,1
0,0.785398163397448,51,101,2,1995,1
5,0.785398163397448,31,113,2,1995,1
10,0.785398163397448,9,95,2,1995,1
15,0.785398163397448,10,149,2,1995,1
20,0.785398163397448,7,35,2,1995,1
30,0.785398163397448,0,1,2,1995,1
40,0.785398163397448,0,1,2,1995,1
0,0.785398163397448,26,74,2,1995,1
5,0.785398163397448,9,87,2,1995,1
10,0.785398163397448,6,65,2,1995,1
15,0.785398163397448,3,68,2,1995,1
20,0.785398163397448,1,77,2,1995,1
30,0.785398163397448,0,1,2,1995,1
40,0.785398163397448,0,1,2,1995,1
0,0.785398163397448,37,80,2,1995,1
5,0.785398163397448,11,75,2,1995,1
10,0.785398163397448,36,308,2,1995,1
15,0.785398163397448,7,63,2,1995,1
20,0.785398163397448,9,70,2,1995,1
30,0.785398163397448,0,1,2,1995,1
40,0.785398163397448,0,1,2,1995,1
0,0,10,79,3,1995,2
0,0,6,58,3,1995,2
0,0,11,87,3,1995,2
0,0,7,70,3,1995,2
0,0,29,59,3,1995,2
0,0,16,170,3,1995,2
5,0,12,98,3,1995,2
10,0,14,133,3,1995,2
15,0,20,171,3,1995,2
20,0,28,111,3,1995,2
30,0,3,102,3,1995,2
35,0,0,1,3,1995,2
40,0,0,1,3,1995,2
0,0,35,120,3,1995,2
5,0,38,174,3,1995,2
10,0,16,114,3,1995,2
15,0,16,132,3,1995,2
20,0,0,1,3,1995,2
25,0,0,1,3,1995,2
0,5.49778714378214,17,103,3,1995,2
5,5.49778714378214,12,136,3,1995,2
10,5.49778714378214,5,97,3,1995,2
15,5.49778714378214,7,115,3,1995,2
20,5.49778714378214,0,1,3,1995,2
25,5.49778714378214,0,1,3,1995,2
0,4.71238898038469,6,109,3,1995,2
5,4.71238898038469,5,81,3,1995,2
10,4.71238898038469,2,72,3,1995,2
15,4.71238898038469,2,79,3,1995,2
20,4.71238898038469,1,105,3,1995,2
25,4.71238898038469,0,1,3,1995,2
30,4.71238898038469,0,1,3,1995,2
0,3.92699081698724,3,108,3,1995,2
5,3.92699081698724,0,1,3,1995,2
10,3.92699081698724,0,1,3,1995,2
0,3.14159265358979,5,108,3,1995,2
5,3.14159265358979,3,112,3,1995,2
10,3.14159265358979,0,1,3,1995,2
15,3.14159265358979,0,1,3,1995,2
0,2.35619449019234,7,165,3,1995,2
5,2.35619449019234,2,123,3,1995,2
10,2.35619449019234,1,108,3,1995,2
15,2.35619449019234,0,1,3,1995,2
20,2.35619449019234,0,1,3,1995,2
0,1.5707963267949,4,103,3,1995,2
5,1.5707963267949,3,89,3,1995,2
10,1.5707963267949,0,1,3,1995,2
15,1.5707963267949,0,1,3,1995,2
0,0.785398163397448,19,84,3,1995,2
5,0.785398163397448,13,111,3,1995,2
10,0.785398163397448,1,108,3,1995,2
15,0.785398163397448,3,124,3,1995,2
20,0.785398163397448,0,1,3,1995,2
25,0.785398163397448,0,1,3,1995,2
0,0,9,84,3,1995,2
0,0,9,161,3,1995,2
0,0,7,116,3,1995,2
0,0,3,119,3,1995,2
0,0,4,92,3,1995,2
0,0,4,177,3,1995,2
5,0,9,102,3,1995,2
10,0,12,65,3,1995,2
15,0,9,106,3,1995,2
20,0,5,127,3,1995,2
30,0,0,1,3,1995,2
35,0,0,1,3,1995,2
0,5.49778714378214,3,108,3,1995,2
5,5.49778714378214,0,1,3,1995,2
10,5.49778714378214,0,1,3,1995,2
0,4.71238898038469,3,63,3,1995,2
5,4.71238898038469,1,97,3,1995,2
10,4.71238898038469,0,1,3,1995,2
15,4.71238898038469,0,1,3,1995,2
0,3.92699081698724,1,128,3,1995,2
5,3.92699081698724,0,1,3,1995,2
10,3.92699081698724,0,1,3,1995,2
0,3.14159265358979,1,110,3,1995,2
5,3.14159265358979,1,80,3,1995,2
10,3.14159265358979,0,1,3,1995,2
15,3.14159265358979,0,1,3,1995,2
0,2.35619449019234,0,1,3,1995,2
5,2.35619449019234,0,1,3,1995,2
0,1.5707963267949,15,153,3,1995,2
5,1.5707963267949,6,121,3,1995,2
10,1.5707963267949,1,132,3,1995,2
15,1.5707963267949,0,1,3,1995,2
20,1.5707963267949,0,1,3,1995,2
0,0.785398163397448,17,150,3,1995,2
5,0.785398163397448,20,156,3,1995,2
10,0.785398163397448,15,90,3,1995,2
15,0.785398163397448,6,80,3,1995,2
20,0.785398163397448,8,77,3,1995,2
30,0.785398163397448,4,87,3,1995,2
35,0.785398163397448,0,1,3,1995,2
40,0.785398163397448,0,1,3,1995,2
0,0,25,121,3,1995,2
0,0.785398163397448,41,110,3,1995,2
5,0.785398163397448,39,104,3,1995,2
10,0.785398163397448,26,72,3,1995,2
15,0.785398163397448,12,80,3,1995,2
20,0.785398163397448,7,73,3,1995,2
30,0.785398163397448,7,118,3,1995,2
35,0.785398163397448,0,1,3,1995,2
40,0.785398163397448,0,1,3,1995,2
0,0,3,81,3,1995,2
0,0,10,85,3,1995,2
0,0,5,82,3,1995,2
0,0,7,70,3,1995,2
0,0,9,102,3,1995,2
0,0,9,112,3,1995,2
5,0,9,91,3,1995,2
10,0,20,72,3,1995,2
15,0,13,126,3,1995,2
20,0,10,114,3,1995,2
30,0,2,108,3,1995,2
35,0,0,1,3,1995,2
40,0,0,1,3,1995,2
0,5.49778714378214,13,77,3,1995,2
5,5.49778714378214,3,116,3,1995,2
10,5.49778714378214,4,93,3,1995,2
15,5.49778714378214,2,87,3,1995,2
20,5.49778714378214,0,1,3,1995,2
25,5.49778714378214,0,1,3,1995,2
0,4.71238898038469,15,110,3,1995,2
5,4.71238898038469,5,97,3,1995,2
10,4.71238898038469,3,114,3,1995,2
15,4.71238898038469,0,1,3,1995,2
20,4.71238898038469,0,1,3,1995,2
0,3.92699081698724,0,1,3,1995,2
5,3.92699081698724,3,135,3,1995,2
10,3.92699081698724,1,85,3,1995,2
15,3.92699081698724,0,1,3,1995,2
20,3.92699081698724,0,1,3,1995,2
0,3.14159265358979,2,136,3,1995,2
5,3.14159265358979,0,1,3,1995,2
10,3.14159265358979,0,1,3,1995,2
0,2.35619449019234,5,135,3,1995,2
5,2.35619449019234,0,1,3,1995,2
10,2.35619449019234,0,1,3,1995,2
0,1.5707963267949,4,87,3,1995,2
5,1.5707963267949,1,71,3,1995,2
10,1.5707963267949,0,1,3,1995,2
15,1.5707963267949,0,1,3,1995,2
0,0.785398163397448,0,1,3,1995,2
5,0.785398163397448,2,81,3,1995,2
10,0.785398163397448,0,1,3,1995,2
15,0.785398163397448,0,1,3,1995,2
0,0,2,85,3,1995,2
0,0,10,96,3,1995,2
0,0,14,68,3,1995,2
0,0,4,119,3,1995,2
0,0,4,91,3,1995,2
0,0,9,69,3,1995,2
5,0,8,102,3,1995,2
10,0,11,80,3,1995,2
15,0,15,74,3,1995,2
20,0,21,74,3,1995,2
30,0,8,78,3,1995,2
40,0,1,117,3,1995,2
45,0,0,1,3,1995,2
50,0,0,1,3,1995,2
0,5.49778714378214,6,67,3,1995,2
5,5.49778714378214,1,101,3,1995,2
10,5.49778714378214,0,1,3,1995,2
15,5.49778714378214,0,1,3,1995,2
0,4.71238898038469,7,85,3,1995,2
5,4.71238898038469,2,91,3,1995,2
10,4.71238898038469,0,1,3,1995,2
15,4.71238898038469,0,1,3,1995,2
0,3.92699081698724,1,95,3,1995,2
5,3.92699081698724,0,1,3,1995,2
10,3.92699081698724,0,1,3,1995,2
0,3.14159265358979,6,84,3,1995,2
5,3.14159265358979,0,1,3,1995,2
10,3.14159265358979,0,1,3,1995,2
0,2.35619449019234,4,119,3,1995,2
5,2.35619449019234,1,99,3,1995,2
10,2.35619449019234,0,1,3,1995,2
15,2.35619449019234,0,1,3,1995,2
0,1.5707963267949,15,73,3,1995,2
5,1.5707963267949,2,89,3,1995,2
10,1.5707963267949,0,1,3,1995,2
15,1.5707963267949,0,1,3,1995,2
0,0.785398163397448,22,141,3,1995,2
5,0.785398163397448,9,93,3,1995,2
10,0.785398163397448,4,72,3,1995,2
15,0.785398163397448,3,93,3,1995,2
20,0.785398163397448,0,1,3,1995,2
25,0.785398163397448,0,1,3,1995,2
0,0,23,112,4,1996,0
5,1.5707963267949,12,174,4,1996,0
10,1.5707963267949,37,171,4,1996,0
15,1.5707963267949,9,149,4,1996,0
20,1.5707963267949,17,173,4,1996,0
25,1.5707963267949,5,105,4,1996,0
30,1.5707963267949,6,193,4,1996,0
35,1.5707963267949,10,130,4,1996,0
40,1.5707963267949,3,154,4,1996,0
45,1.5707963267949,2,142,4,1996,0
50,1.5707963267949,3,208,4,1996,0
55,1.5707963267949,0,96,4,1996,0
55,1.5707963267949,0,122,4,1996,0
60,1.5707963267949,0,122,4,1996,0
5,0.785398163397448,21,88,4,1996,0
10,0.785398163397448,6,98,4,1996,0
10,0.785398163397448,12,55,4,1996,0
15,0.785398163397448,14,62,4,1996,0
20,0.785398163397448,5,136,4,1996,0
25,0.785398163397448,12,85,4,1996,0
30,0.785398163397448,8,56,4,1996,0
35,0.785398163397448,2,96,4,1996,0
35,0.785398163397448,3,64,4,1996,0
40,0.785398163397448,7,89,4,1996,0
40,0.785398163397448,3,74,4,1996,0
45,0.785398163397448,2,75,4,1996,0
45,0.785398163397448,3,87,4,1996,0
50,0.785398163397448,0,58,4,1996,0
50,0.785398163397448,2,109,4,1996,0
55,0.785398163397448,0,109,4,1996,0
5,0,8,140,4,1996,0
10,0,4,110,4,1996,0
10,0,6,115,4,1996,0
15,0,8,89,4,1996,0
15,0,2,118,4,1996,0
20,0,1,75,4,1996,0
20,0,2,83,4,1996,0
25,0,1,79,4,1996,0
25,0,0,103,4,1996,0
30,0,0,103,4,1996,0
5,5.49778714378214,20,118,4,1996,0
10,5.49778714378214,3,124,4,1996,0
15,5.49778714378214,0,160,4,1996,0
20,5.49778714378214,0,160,4,1996,0
5,4.71238898038469,28,137,4,1996,0
10,4.71238898038469,14,96,4,1996,0
15,4.71238898038469,6,140,4,1996,0
20,4.71238898038469,0,153,4,1996,0
5,3.92699081698724,15,63,4,1996,0
5,3.92699081698724,3,62,4,1996,0
10,3.92699081698724,9,134,4,1996,0
15,3.92699081698724,0,60,4,1996,0
15,3.92699081698724,4,113,4,1996,0
20,3.92699081698724,0,1,4,1996,0
25,3.92699081698724,0,1,4,1996,0
5,3.14159265358979,7,120,4,1996,0
10,3.14159265358979,12,128,4,1996,0
15,3.14159265358979,4,90,4,1996,0
15,3.14159265358979,9,122,4,1996,0
20,3.14159265358979,3,98,4,1996,0
20,3.14159265358979,0,100,4,1996,0
25,3.14159265358979,0,111,4,1996,0
30,3.14159265358979,0,111,4,1996,0
5,2.35619449019234,12,87,4,1996,0
10,2.35619449019234,4,82,4,1996,0
15,2.35619449019234,2,97,4,1996,0
15,2.35619449019234,4,112,4,1996,0
20,2.35619449019234,4,95,4,1996,0
25,2.35619449019234,1,112,4,1996,0
30,2.35619449019234,0,1,4,1996,0
35,2.35619449019234,0,1,4,1996,0
10,0.392699081698724,4,82,4,1996,0
15,0.392699081698724,4,99,4,1996,0
15,0.392699081698724,11,104,4,1996,0
20,0.392699081698724,5,64,4,1996,0
25,0.392699081698724,4,57,4,1996,0
30,0.392699081698724,0,1,4,1996,0
35,0.392699081698724,0,1,4,1996,0
10,1.17809724509617,13,134,4,1996,0
15,1.17809724509617,11,105,4,1996,0
20,1.17809724509617,18,127,4,1996,0
25,1.17809724509617,7,129,4,1996,0
30,1.17809724509617,9,110,4,1996,0
35,1.17809724509617,5,80,4,1996,0
40,1.17809724509617,0,80,4,1996,0
45,1.17809724509617,0,80,4,1996,0
0,0,8,127,4,1996,0
5,1.5707963267949,7,107,4,1996,0
10,1.5707963267949,5,110,4,1996,0
15,1.5707963267949,10,140,4,1996,0
15,1.5707963267949,1,115,4,1996,0
20,1.5707963267949,4,92,4,1996,0
20,1.5707963267949,0,131,4,1996,0
25,1.5707963267949,0,86,4,1996,0
30,1.5707963267949,0,86,4,1996,0
5,0.785398163397448,7,83,4,1996,0
10,0.785398163397448,9,90,4,1996,0
10,0.785398163397448,2,64,4,1996,0
15,0.785398163397448,6,102,4,1996,0
20,0.785398163397448,2,56,4,1996,0
25,0.785398163397448,1,72,4,1996,0
25,0.785398163397448,0,53,4,1996,0
30,0.785398163397448,1,72,4,1996,0
30,0.785398163397448,1,103,4,1996,0
35,0.785398163397448,1,68,4,1996,0
40,0.785398163397448,0,69,4,1996,0
40,0.785398163397448,0,78,4,1996,0
45,0.785398163397448,0,69,4,1996,0
5,0,5,89,4,1996,0
10,0,17,75,4,1996,0
15,0,13,116,4,1996,0
15,0,9,186,4,1996,0
20,0,4,99,4,1996,0
25,0,5,94,4,1996,0
30,0,3,75,4,1996,0
35,0,1,84,4,1996,0
35,0,1,141,4,1996,0
35,0,0,84,4,1996,0
35,0,0,84,4,1996,0
5,5.49778714378214,14,81,4,1996,0
10,5.49778714378214,21,52,4,1996,0
10,5.49778714378214,3,85,4,1996,0
15,5.49778714378214,11,60,4,1996,0
15,5.49778714378214,2,68,4,1996,0
20,5.49778714378214,0,70,4,1996,0
20,5.49778714378214,0,98,4,1996,0
25,5.49778714378214,0,70,4,1996,0
5,4.71238898038469,5,118,4,1996,0
10,4.71238898038469,5,57,4,1996,0
12,4.71238898038469,3,82,4,1996,0
15,4.71238898038469,5,91,4,1996,0
20,4.71238898038469,3,86,4,1996,0
20,4.71238898038469,1,93,4,1996,0
25,4.71238898038469,2,91,4,1996,0
25,4.71238898038469,1,119,4,1996,0
30,4.71238898038469,0,105,4,1996,0
30,4.71238898038469,1,91,4,1996,0
35,4.71238898038469,1,98,4,1996,0
40,4.71238898038469,0,98,4,1996,0
45,4.71238898038469,0,98,4,1996,0
5,3.92699081698724,17,88,4,1996,0
10,3.92699081698724,14,78,4,1996,0
10,3.92699081698724,4,87,4,1996,0
15,3.92699081698724,8,63,4,1996,0
15,3.92699081698724,2,96,4,1996,0
20,3.92699081698724,0,74,4,1996,0
25,3.92699081698724,1,57,4,1996,0
30,3.92699081698724,0,74,4,1996,0
35,3.92699081698724,0,74,4,1996,0
5,3.14159265358979,19,164,4,1996,0
10,3.14159265358979,4,84,4,1996,0
15,3.14159265358979,16,94,4,1996,0
20,3.14159265358979,3,101,4,1996,0
25,3.14159265358979,2,90,4,1996,0
25,3.14159265358979,2,110,4,1996,0
30,3.14159265358979,1,101,4,1996,0
35,3.14159265358979,0,116,4,1996,0
40,3.14159265358979,0,116,4,1996,0
5,2.35619449019234,10,79,4,1996,0
10,2.35619449019234,9,79,4,1996,0
15,2.35619449019234,6,70,4,1996,0
20,2.35619449019234,1,85,4,1996,0
20,2.35619449019234,5,109,4,1996,0
25,2.35619449019234,1,68,4,1996,0
30,2.35619449019234,1,81,4,1996,0
35,2.35619449019234,0,81,4,1996,0
40,2.35619449019234,0,81,4,1996,0
10,0.392699081698724,20,87,4,1996,0
15,0.392699081698724,8,109,4,1996,0
20,0.392699081698724,11,94,4,1996,0
25,0.392699081698724,4,59,4,1996,0
30,0.392699081698724,0,98,4,1996,0
30,0.392699081698724,3,111,4,1996,0
35,0.392699081698724,0,98,4,1996,0
10,5.89048622548086,10,184,4,1996,0
15,5.89048622548086,14,92,4,1996,0
20,5.89048622548086,3,84,4,1996,0
25,5.89048622548086,2,84,4,1996,0
30,5.89048622548086,0,84,4,1996,0
35,5.89048622548086,0,84,4,1996,0
10,3.53429173528852,14,68,4,1996,0
15,3.53429173528852,2,60,4,1996,0
20,3.53429173528852,1,75,4,1996,0
25,3.53429173528852,0,1,4,1996,0
30,3.53429173528852,0,1,4,1996,0
35,3.53429173528852,0,1,4,1996,0
0,0,18,79,4,1996,0
5,1.5707963267949,30,91,4,1996,0
10,1.5707963267949,25,80,4,1996,0
10,1.5707963267949,1,81,4,1996,0
15,1.5707963267949,13,129,4,1996,0
20,1.5707963267949,4,100,4,1996,0
25,1.5707963267949,6,54,4,1996,0
30,1.5707963267949,3,108,4,1996,0
35,1.5707963267949,0,102,4,1996,0
40,1.5707963267949,0,102,4,1996,0
5,0.785398163397448,16,79,4,1996,0
10,0.785398163397448,48,128,4,1996,0
15,0.785398163397448,15,128,4,1996,0
20,0.785398163397448,3,114,4,1996,0
25,0.785398163397448,2,68,4,1996,0
30,0.785398163397448,0,90,4,1996,0
30,0.785398163397448,1,108,4,1996,0
35,0.785398163397448,4,31,4,1996,0
40,0.785398163397448,1,59,4,1996,0
45,0.785398163397448,0,82,4,1996,0
50,0.785398163397448,0,82,4,1996,0
5,0,24,102,4,1996,0
10,0,9,109,4,1996,0
10,0,3,93,4,1996,0
15,0,4,122,4,1996,0
15,0,6,129,4,1996,0
20,0,2,139,4,1996,0
20,0,0,97,4,1996,0
25,0,0,97,4,1996,0
30,0,0,97,4,1996,0
5,5.49778714378214,31,103,4,1996,0
10,5.49778714378214,8,111,4,1996,0
15,5.49778714378214,3,81,4,1996,0
15,5.49778714378214,4,85,4,1996,0
20,5.49778714378214,1,55,4,1996,0
25,5.49778714378214,0,88,4,1996,0
30,5.49778714378214,0,88,4,1996,0
5,4.71238898038469,6,65,4,1996,0
10,4.71238898038469,7,121,4,1996,0
15,4.71238898038469,2,93,4,1996,0
15,4.71238898038469,1,64,4,1996,0
20,4.71238898038469,1,101,4,1996,0
25,4.71238898038469,2,107,4,1996,0
5,3.92699081698724,1,89,4,1996,0
10,3.92699081698724,1,148,4,1996,0
15,3.92699081698724,5,90,4,1996,0
20,3.92699081698724,3,97,4,1996,0
20,3.92699081698724,2,146,4,1996,0
5,3.14159265358979,15,108,4,1996,0
10,3.14159265358979,8,95,4,1996,0
10,3.14159265358979,0,107,4,1996,0
15,3.14159265358979,8,68,4,1996,0
20,3.14159265358979,2,73,4,1996,0
20,3.14159265358979,1,110,4,1996,0
25,3.14159265358979,0,80,4,1996,0
30,3.14159265358979,0,80,4,1996,0
5,2.35619449019234,9,109,4,1996,0
10,2.35619449019234,29,111,4,1996,0
15,2.35619449019234,8,62,4,1996,0
17,2.35619449019234,15,163,4,1996,0
20,2.35619449019234,2,84,4,1996,0
25,2.35619449019234,0,84,4,1996,0
30,2.35619449019234,0,84,4,1996,0
10,1.17809724509617,20,96,4,1996,0
15,1.17809724509617,21,120,4,1996,0
20,1.17809724509617,7,67,4,1996,0
20,1.17809724509617,5,181,4,1996,0
25,1.17809724509617,15,122,4,1996,0
30,1.17809724509617,0,104,4,1996,0
35,1.17809724509617,0,104,4,1996,0
10,0.392699081698724,4,112,4,1996,0
15,0.392699081698724,8,95,4,1996,0
20,0.392699081698724,2,96,4,1996,0
25,0.392699081698724,2,72,4,1996,0
30,0.392699081698724,1,83,4,1996,0
35,0.392699081698724,0,83,4,1996,0
40,0.392699081698724,0,83,4,1996,0
0,0,21,55,4,1996,0
5,1.5707963267949,15,110,4,1996,0
10,1.5707963267949,14,71,4,1996,0
15,1.5707963267949,11,137,4,1996,0
20,1.5707963267949,11,151,4,1996,0
25,1.5707963267949,6,76,4,1996,0
25,1.5707963267949,2,128,4,1996,0
30,1.5707963267949,7,127,4,1996,0
35,1.5707963267949,3,80,4,1996,0
40,1.5707963267949,1,84,4,1996,0
45,1.5707963267949,0,94,4,1996,0
50,1.5707963267949,0,94,4,1996,0
5,0.785398163397448,18,71,4,1996,0
10,0.785398163397448,27,99,4,1996,0
15,0.785398163397448,10,113,4,1996,0
20,0.785398163397448,5,134,4,1996,0
25,0.785398163397448,12,83,4,1996,0
30,0.785398163397448,12,96,4,1996,0
35,0.785398163397448,16,95,4,1996,0
40,0.785398163397448,4,89,4,1996,0
45,0.785398163397448,1,116,4,1996,0
50,0.785398163397448,1,131,4,1996,0
55,0.785398163397448,0,131,4,1996,0
60,0.785398163397448,0,131,4,1996,0
5,0,19,93,4,1996,0
10,0,23,52,4,1996,0
15,0,18,136,4,1996,0
15,0,2,152,4,1996,0
20,0,4,151,4,1996,0
25,0,4,164,4,1996,0
25,0,1,203,4,1996,0
30,0,0,157,4,1996,0
35,0,0,157,4,1996,0
5,5.49778714378214,17,118,4,1996,0
10,5.49778714378214,7,138,4,1996,0
15,5.49778714378214,8,115,4,1996,0
20,5.49778714378214,0,193,4,1996,0
25,5.49778714378214,0,122,4,1996,0
5,4.71238898038469,24,137,4,1996,0
10,4.71238898038469,7,165,4,1996,0
15,4.71238898038469,13,283,4,1996,0
20,4.71238898038469,5,176,4,1996,0
25,4.71238898038469,3,190,4,1996,0
30,4.71238898038469,0,1,4,1996,0
35,4.71238898038469,0,1,4,1996,0
5,3.92699081698724,39,89,4,1996,0
10,3.92699081698724,7,140,4,1996,0
10,3.92699081698724,12,177,4,1996,0
15,3.92699081698724,5,170,4,1996,0
15,3.92699081698724,2,100,4,1996,0
20,3.92699081698724,4,74,4,1996,0
25,3.92699081698724,3,79,4,1996,0
30,3.92699081698724,2,116,4,1996,0
35,3.92699081698724,0,85,4,1996,0
5,3.14159265358979,4,217,4,1996,0
5,3.14159265358979,18,65,4,1996,0
10,3.14159265358979,16,123,4,1996,0
15,3.14159265358979,13,118,4,1996,0
20,3.14159265358979,6,87,4,1996,0
25,3.14159265358979,4,123,4,1996,0
30,3.14159265358979,1,123,4,1996,0
35,3.14159265358979,0,123,4,1996,0
40,3.14159265358979,0,123,4,1996,0
5,2.35619449019234,12,88,4,1996,0
7,2.35619449019234,1,141,4,1996,0
10,2.35619449019234,15,113,4,1996,0
15,2.35619449019234,9,138,4,1996,0
20,2.35619449019234,16,100,4,1996,0
25,2.35619449019234,10,129,4,1996,0
30,2.35619449019234,10,105,4,1996,0
35,2.35619449019234,1,91,4,1996,0
40,2.35619449019234,0,91,4,1996,0
45,2.35619449019234,0,91,4,1996,0
10,1.17809724509617,22,133,4,1996,0
15,1.17809724509617,17,128,4,1996,0
20,1.17809724509617,19,97,4,1996,0
25,1.17809724509617,13,120,4,1996,0
30,1.17809724509617,8,114,4,1996,0
35,1.17809724509617,0,114,4,1996,0
40,1.17809724509617,0,114,4,1996,0
10,0.392699081698724,37,125,4,1996,0
15,0.392699081698724,25,66,4,1996,0
20,0.392699081698724,7,164,4,1996,0
25,0.392699081698724,9,114,4,1996,0
30,0.392699081698724,0,1,4,1996,0
35,0.392699081698724,0,1,4,1996,0
0,0,9,89,5,1996,1
5,1.5707963267949,10,79,5,1996,1
10,1.5707963267949,11,108,5,1996,1
10,1.5707963267949,5,68,5,1996,1
15,1.5707963267949,4,112,5,1996,1
15,1.5707963267949,1,143,5,1996,1
20,1.5707963267949,2,113,5,1996,1
25,1.5707963267949,1,77,5,1996,1
30,1.5707963267949,0,1,5,1996,1
35,1.5707963267949,0,1,5,1996,1
40,1.5707963267949,0,1,5,1996,1
45,1.5707963267949,0,1,5,1996,1
50,1.5707963267949,0,1,5,1996,1
55,1.5707963267949,0,1,5,1996,1
55,1.5707963267949,0,1,5,1996,1
5,0.785398163397448,22,74,5,1996,1
10,0.785398163397448,25,124,5,1996,1
15,0.785398163397448,6,77,5,1996,1
20,0.785398163397448,5,77,5,1996,1
25,0.785398163397448,4,75,5,1996,1
30,0.785398163397448,0,126,5,1996,1
35,0.785398163397448,0,1,5,1996,1
35,0.785398163397448,0,1,5,1996,1
40,0.785398163397448,0,1,5,1996,1
40,0.785398163397448,0,1,5,1996,1
45,0.785398163397448,0,1,5,1996,1
45,0.785398163397448,0,1,5,1996,1
50,0.785398163397448,0,1,5,1996,1
5,0,7,96,5,1996,1
10,0,4,98,5,1996,1
15,0,8,69,5,1996,1
15,0,6,106,5,1996,1
20,0,2,96,5,1996,1
25,0,5,87,5,1996,1
30,0,2,114,5,1996,1
32,0,2,110,5,1996,1
35,0,0,87,5,1996,1
40,0,0,87,5,1996,1
5,5.49778714378214,1,76,5,1996,1
10,5.49778714378214,14,78,5,1996,1
15,5.49778714378214,8,86,5,1996,1
20,5.49778714378214,0,78,5,1996,1
20,5.49778714378214,5,87,5,1996,1
25,5.49778714378214,4,73,5,1996,1
30,5.49778714378214,0,68,5,1996,1
35,5.49778714378214,0,68,5,1996,1
5,4.71238898038469,10,84,5,1996,1
5,4.71238898038469,12,100,5,1996,1
10,4.71238898038469,8,77,5,1996,1
15,4.71238898038469,2,70,5,1996,1
20,4.71238898038469,3,72,5,1996,1
5,3.92699081698724,14,89,5,1996,1
10,3.92699081698724,4,97,5,1996,1
10,3.92699081698724,14,98,5,1996,1
15,3.92699081698724,3,93,5,1996,1
20,3.92699081698724,1,93,5,1996,1
25,3.92699081698724,0,130,5,1996,1
30,3.92699081698724,0,130,5,1996,1
5,3.14159265358979,6,83,5,1996,1
10,3.14159265358979,4,88,5,1996,1
15,3.14159265358979,7,62,5,1996,1
20,3.14159265358979,0,61,5,1996,1
20,3.14159265358979,0,126,5,1996,1
25,3.14159265358979,0,61,5,1996,1
5,2.35619449019234,6,68,5,1996,1
10,2.35619449019234,6,97,5,1996,1
15,2.35619449019234,4,71,5,1996,1
20,2.35619449019234,2,92,5,1996,1
25,2.35619449019234,0,110,5,1996,1
30,2.35619449019234,0,110,5,1996,1
10,0.392699081698724,1,93,5,1996,1
15,0.392699081698724,5,70,5,1996,1
15,0.392699081698724,8,67,5,1996,1
20,0.392699081698724,6,95,5,1996,1
25,0.392699081698724,4,95,5,1996,1
30,0.392699081698724,2,105,5,1996,1
35,0.392699081698724,0,1,5,1996,1
40,0.392699081698724,0,1,5,1996,1
10,1.17809724509617,7,58,5,1996,1
15,1.17809724509617,6,75,5,1996,1
15,1.17809724509617,3,133,5,1996,1
20,1.17809724509617,3,98,5,1996,1
25,1.17809724509617,3,140,5,1996,1
30,1.17809724509617,1,95,5,1996,1
35,1.17809724509617,0,95,5,1996,1
40,1.17809724509617,0,95,5,1996,1
0,0,12,73,5,1996,1
5,1.5707963267949,7,85,5,1996,1
10,1.5707963267949,4,79,5,1996,1
15,1.5707963267949,12,106,5,1996,1
20,1.5707963267949,3,78,5,1996,1
25,1.5707963267949,0,92,5,1996,1
30,1.5707963267949,0,1,5,1996,1
40,1.5707963267949,0,1,5,1996,1
45,1.5707963267949,0,1,5,1996,1
50,1.5707963267949,0,1,5,1996,1
55,1.5707963267949,0,1,5,1996,1
55,1.5707963267949,0,1,5,1996,1
5,0.785398163397448,6,93,5,1996,1
5,0.785398163397448,8,111,5,1996,1
10,0.785398163397448,12,66,5,1996,1
15,0.785398163397448,14,84,5,1996,1
20,0.785398163397448,17,71,5,1996,1
20,0.785398163397448,12,151,5,1996,1
25,0.785398163397448,13,77,5,1996,1
30,0.785398163397448,2,67,5,1996,1
35,0.785398163397448,2,93,5,1996,1
40,0.785398163397448,4,80,5,1996,1
40,0.785398163397448,2,146,5,1996,1
45,0.785398163397448,0,88,5,1996,1
45,0.785398163397448,0,1,5,1996,1
50,0.785398163397448,0,1,5,1996,1
5,0,7,78,5,1996,1
5,0,7,68,5,1996,1
10,0,11,78,5,1996,1
15,0,6,56,5,1996,1
15,0,6,82,5,1996,1
20,0,6,64,5,1996,1
20,0,1,101,5,1996,1
25,0,11,96,5,1996,1
25,0,5,81,5,1996,1
30,0,3,92,5,1996,1
35,0,3,107,5,1996,1
40,0,0,97,5,1996,1
5,5.49778714378214,2,93,5,1996,1
10,5.49778714378214,8,101,5,1996,1
10,5.49778714378214,5,144,5,1996,1
15,5.49778714378214,10,113,5,1996,1
20,5.49778714378214,4,112,5,1996,1
20,5.49778714378214,5,104,5,1996,1
25,5.49778714378214,1,115,5,1996,1
5,4.71238898038469,2,103,5,1996,1
10,4.71238898038469,8,60,5,1996,1
10,4.71238898038469,8,76,5,1996,1
15,4.71238898038469,2,73,5,1996,1
20,4.71238898038469,0,77,5,1996,1
25,4.71238898038469,0,77,5,1996,1
5,3.92699081698724,7,96,5,1996,1
10,3.92699081698724,1,71,5,1996,1
15,3.92699081698724,0,1,5,1996,1
25,3.92699081698724,0,1,5,1996,1
5,3.14159265358979,3,102,5,1996,1
10,3.14159265358979,1,69,5,1996,1
15,3.14159265358979,0,1,5,1996,1
20,3.14159265358979,0,1,5,1996,1
20,3.14159265358979,0,1,5,1996,1
25,3.14159265358979,0,1,5,1996,1
5,2.35619449019234,7,78,5,1996,1
10,2.35619449019234,2,78,5,1996,1
10,2.35619449019234,4,120,5,1996,1
15,2.35619449019234,4,83,5,1996,1
20,2.35619449019234,0,94,5,1996,1
20,2.35619449019234,0,1,5,1996,1
25,2.35619449019234,0,1,5,1996,1
30,2.35619449019234,0,1,5,1996,1
10,0.392699081698724,11,77,5,1996,1
15,0.392699081698724,13,107,5,1996,1
20,0.392699081698724,9,78,5,1996,1
25,0.392699081698724,9,90,5,1996,1
30,0.392699081698724,19,91,5,1996,1
30,0.392699081698724,3,106,5,1996,1
35,0.392699081698724,3,102,5,1996,1
40,0.392699081698724,0,101,5,1996,1
45,0.392699081698724,0,101,5,1996,1
10,1.17809724509617,6,151,5,1996,1
15,1.17809724509617,10,117,5,1996,1
15,1.17809724509617,3,122,5,1996,1
20,1.17809724509617,6,91,5,1996,1
25,1.17809724509617,8,101,5,1996,1
25,1.17809724509617,5,169,5,1996,1
30,1.17809724509617,1,74,5,1996,1
35,1.17809724509617,0,74,5,1996,1
40,1.17809724509617,0,74,5,1996,1
35,1.17809724509617,0,1,5,1996,1
0,0,4,89,5,1996,1
5,1.5707963267949,3,82,5,1996,1
10,1.5707963267949,9,88,5,1996,1
15,1.5707963267949,5,48,5,1996,1
20,1.5707963267949,1,92,5,1996,1
25,1.5707963267949,4,95,5,1996,1
30,1.5707963267949,2,132,5,1996,1
35,1.5707963267949,2,93,5,1996,1
40,1.5707963267949,0,90,5,1996,1
45,1.5707963267949,0,1,5,1996,1
50,1.5707963267949,0,1,5,1996,1
55,1.5707963267949,0,1,5,1996,1
5,0.785398163397448,4,87,5,1996,1
10,0.785398163397448,6,88,5,1996,1
10,0.785398163397448,3,101,5,1996,1
15,0.785398163397448,7,67,5,1996,1
15,0.785398163397448,1,150,5,1996,1
20,0.785398163397448,8,98,5,1996,1
25,0.785398163397448,11,116,5,1996,1
30,0.785398163397448,17,67,5,1996,1
35,0.785398163397448,5,62,5,1996,1
40,0.785398163397448,9,111,5,1996,1
45,0.785398163397448,3,121,5,1996,1
50,0.785398163397448,6,114,5,1996,1
60,0.785398163397448,2,79,5,1996,1
65,0.785398163397448,0,79,5,1996,1
70,0.785398163397448,0,79,5,1996,1
5,0,6,66,5,1996,1
10,0,9,74,5,1996,1
15,0,7,69,5,1996,1
20,0,11,84,5,1996,1
25,0,12,72,5,1996,1
30,0,7,79,5,1996,1
35,0,6,109,5,1996,1
40,0,1,71,5,1996,1
45,0,0,1,5,1996,1
50,0,0,1,5,1996,1
5,5.49778714378214,5,100,5,1996,1
10,5.49778714378214,5,73,5,1996,1
15,5.49778714378214,4,95,5,1996,1
20,5.49778714378214,8,111,5,1996,1
25,5.49778714378214,3,65,5,1996,1
30,5.49778714378214,0,78,5,1996,1
35,5.49778714378214,0,78,5,1996,1
40,5.49778714378214,0,78,5,1996,1
10,4.71238898038469,4,69,5,1996,1
15,4.71238898038469,3,91,5,1996,1
20,4.71238898038469,0,109,5,1996,1
25,4.71238898038469,0,1,5,1996,1
30,4.71238898038469,0,1,5,1996,1
5,3.92699081698724,3,74,5,1996,1
10,3.92699081698724,5,124,5,1996,1
15,3.92699081698724,1,109,5,1996,1
20,3.92699081698724,0,1,5,1996,1
25,3.92699081698724,0,1,5,1996,1
30,3.92699081698724,0,1,5,1996,1
35,3.92699081698724,0,1,5,1996,1
5,3.14159265358979,5,89,5,1996,1
10,3.14159265358979,3,70,5,1996,1
15,3.14159265358979,0,64,5,1996,1
15,3.14159265358979,0,1,5,1996,1
20,3.14159265358979,0,1,5,1996,1
20,3.14159265358979,0,1,5,1996,1
25,3.14159265358979,0,1,5,1996,1
5,2.35619449019234,9,89,5,1996,1
10,2.35619449019234,2,41,5,1996,1
10,2.35619449019234,1,80,5,1996,1
15,2.35619449019234,7,118,5,1996,1
20,2.35619449019234,1,83,5,1996,1
25,2.35619449019234,1,82,5,1996,1
30,2.35619449019234,0,1,5,1996,1
35,2.35619449019234,0,1,5,1996,1
10,0.392699081698724,18,99,5,1996,1
15,0.392699081698724,11,108,5,1996,1
20,0.392699081698724,11,86,5,1996,1
25,0.392699081698724,8,86,5,1996,1
30,0.392699081698724,5,96,5,1996,1
35,0.392699081698724,7,74,5,1996,1
35,0.392699081698724,2,123,5,1996,1
40,0.392699081698724,3,77,5,1996,1
45,0.392699081698724,2,117,5,1996,1
50,0.392699081698724,6,118,5,1996,1
55,0.392699081698724,2,82,5,1996,1
60,0.392699081698724,3,96,5,1996,1
65,0.392699081698724,0,96,5,1996,1
70,0.392699081698724,0,96,5,1996,1
10,1.17809724509617,2,61,5,1996,1
15,1.17809724509617,3,95,5,1996,1
20,1.17809724509617,12,73,5,1996,1
25,1.17809724509617,6,80,5,1996,1
30,1.17809724509617,7,65,5,1996,1
35,1.17809724509617,10,73,5,1996,1
40,1.17809724509617,5,91,5,1996,1
45,1.17809724509617,2,98,5,1996,1
50,1.17809724509617,0,98,5,1996,1
55,1.17809724509617,0,98,5,1996,1
0,0,8,85,5,1996,1
5,1.5707963267949,8,119,5,1996,1
10,1.5707963267949,3,118,5,1996,1
15,1.5707963267949,5,74,5,1996,1
20,1.5707963267949,0,68,5,1996,1
25,1.5707963267949,2,85,5,1996,1
30,1.5707963267949,0,1,5,1996,1
35,1.5707963267949,0,1,5,1996,1
40,1.5707963267949,0,1,5,1996,1
45,1.5707963267949,0,1,5,1996,1
50,1.5707963267949,0,1,5,1996,1
55,1.5707963267949,0,1,5,1996,1
55,1.5707963267949,0,1,5,1996,1
5,0.785398163397448,4,76,5,1996,1
10,0.785398163397448,2,91,5,1996,1
10,0.785398163397448,4,68,5,1996,1
15,0.785398163397448,8,85,5,1996,1
20,0.785398163397448,2,54,5,1996,1
25,0.785398163397448,8,80,5,1996,1
25,0.785398163397448,5,48,5,1996,1
30,0.785398163397448,3,90,5,1996,1
35,0.785398163397448,11,82,5,1996,1
40,0.785398163397448,1,72,5,1996,1
45,0.785398163397448,3,100,5,1996,1
50,0.785398163397448,0,79,5,1996,1
55,0.785398163397448,0,1,5,1996,1
60,0.785398163397448,0,1,5,1996,1
5,0,10,79,5,1996,1
10,0,8,80,5,1996,1
15,0,4,57,5,1996,1
20,0,12,105,5,1996,1
25,0,6,73,5,1996,1
25,0,3,94,5,1996,1
30,0,4,137,5,1996,1
35,0,3,79,5,1996,1
40,0,0,81,5,1996,1
45,0,0,81,5,1996,1
5,5.49778714378214,9,66,5,1996,1
10,5.49778714378214,4,88,5,1996,1
15,5.49778714378214,3,109,5,1996,1
20,5.49778714378214,1,69,5,1996,1
25,5.49778714378214,4,94,5,1996,1
25,5.49778714378214,0,89,5,1996,1
30,5.49778714378214,0,74,5,1996,1
35,5.49778714378214,0,74,5,1996,1
5,4.71238898038469,3,112,5,1996,1
10,4.71238898038469,6,69,5,1996,1
15,4.71238898038469,2,102,5,1996,1
20,4.71238898038469,4,140,5,1996,1
20,4.71238898038469,1,68,5,1996,1
25,4.71238898038469,0,68,5,1996,1
30,4.71238898038469,0,68,5,1996,1
5,3.92699081698724,10,125,5,1996,1
10,3.92699081698724,0,74,5,1996,1
15,3.92699081698724,0,1,5,1996,1
15,3.92699081698724,0,1,5,1996,1
20,3.92699081698724,0,1,5,1996,1
25,3.92699081698724,0,1,5,1996,1
5,3.14159265358979,3,103,5,1996,1
10,3.14159265358979,2,71,5,1996,1
10,3.14159265358979,0,98,5,1996,1
20,3.14159265358979,0,1,5,1996,1
20,3.14159265358979,0,1,5,1996,1
25,3.14159265358979,0,1,5,1996,1
5,2.35619449019234,5,73,5,1996,1
10,2.35619449019234,9,83,5,1996,1
15,2.35619449019234,1,81,5,1996,1
20,2.35619449019234,3,78,5,1996,1
25,2.35619449019234,5,72,5,1996,1
30,2.35619449019234,0,70,5,1996,1
30,2.35619449019234,0,1,5,1996,1
35,2.35619449019234,0,1,5,1996,1
10,0.392699081698724,6,103,5,1996,1
15,0.392699081698724,5,87,5,1996,1
20,0.392699081698724,4,102,5,1996,1
25,0.392699081698724,16,98,5,1996,1
30,0.392699081698724,5,83,5,1996,1
35,0.392699081698724,1,87,5,1996,1
40,0.392699081698724,0,87,5,1996,1
45,0.392699081698724,0,87,5,1996,1
10,1.17809724509617,4,106,5,1996,1
15,1.17809724509617,9,101,5,1996,1
15,1.17809724509617,5,135,5,1996,1
20,1.17809724509617,8,79,5,1996,1
25,1.17809724509617,3,69,5,1996,1
35,1.17809724509617,3,129,5,1996,1
35,1.17809724509617,3,55,5,1996,1
40,1.17809724509617,0,55,5,1996,1
45,1.17809724509617,0,55,5,1996,1
0,0,1,90,6,1996,2
5,1.5707963267949,2,130,6,1996,2
10,1.5707963267949,0,121,6,1996,2
10,1.5707963267949,7,108,6,1996,2
15,1.5707963267949,5,107,6,1996,2
20,1.5707963267949,2,135,6,1996,2
23,1.5707963267949,2,110,6,1996,2
25,1.5707963267949,0,108,6,1996,2
30,1.5707963267949,0,87,6,1996,2
30,1.5707963267949,0,87,6,1996,2
5,0.785398163397448,3,74,6,1996,2
10,0.785398163397448,7,96,6,1996,2
15,0.785398163397448,4,107,6,1996,2
20,0.785398163397448,6,71,6,1996,2
25,0.785398163397448,5,63,6,1996,2
25,0.785398163397448,7,90,6,1996,2
30,0.785398163397448,2,111,6,1996,2
35,0.785398163397448,3,125,6,1996,2
40,0.785398163397448,10,89,6,1996,2
45,0.785398163397448,6,89,6,1996,2
50,0.785398163397448,6,96,6,1996,2
50,0.785398163397448,5,105,6,1996,2
55,0.785398163397448,7,89,6,1996,2
65,0.785398163397448,0,78,6,1996,2
70,0.785398163397448,0,78,6,1996,2
5,0,2,129,6,1996,2
10,0,2,116,6,1996,2
15,0,2,100,6,1996,2
20,0,4,115,6,1996,2
25,0,4,120,6,1996,2
25,0,2,59,6,1996,2
30,0,3,102,6,1996,2
30,0,6,101,6,1996,2
35,0,1,111,6,1996,2
35,0,2,96,6,1996,2
40,0,4,95,6,1996,2
45,0,1,98,6,1996,2
50,0,1,131,6,1996,2
55,0,0,106,6,1996,2
60,0,0,106,6,1996,2
5,5.49778714378214,3,77,6,1996,2
10,5.49778714378214,1,69,6,1996,2
10,5.49778714378214,3,95,6,1996,2
15,5.49778714378214,3,88,6,1996,2
20,5.49778714378214,3,87,6,1996,2
25,5.49778714378214,2,67,6,1996,2
30,5.49778714378214,1,89,6,1996,2
35,5.49778714378214,4,105,6,1996,2
35,5.49778714378214,2,83,6,1996,2
40,5.49778714378214,0,113,6,1996,2
50,5.49778714378214,1,106,6,1996,2
55,5.49778714378214,0,106,6,1996,2
60,5.49778714378214,0,106,6,1996,2
5,4.71238898038469,0,86,6,1996,2
10,4.71238898038469,1,100,6,1996,2
15,4.71238898038469,0,81,6,1996,2
15,4.71238898038469,1,76,6,1996,2
20,4.71238898038469,0,81,6,1996,2
5,3.92699081698724,3,147,6,1996,2
10,3.92699081698724,2,120,6,1996,2
15,3.92699081698724,0,107,6,1996,2
18,3.92699081698724,0,93,6,1996,2
20,3.92699081698724,0,93,6,1996,2
5,3.14159265358979,1,61,6,1996,2
10,3.14159265358979,1,87,6,1996,2
10,3.14159265358979,2,95,6,1996,2
15,3.14159265358979,0,95,6,1996,2
20,3.14159265358979,0,95,6,1996,2
5,2.35619449019234,3,103,6,1996,2
10,2.35619449019234,1,86,6,1996,2
15,2.35619449019234,0,116,6,1996,2
15,2.35619449019234,0,60,6,1996,2
20,2.35619449019234,0,105,6,1996,2
15,0.392699081698724,3,94,6,1996,2
20,0.392699081698724,24,111,6,1996,2
25,0.392699081698724,5,132,6,1996,2
30,0.392699081698724,7,114,6,1996,2
35,0.392699081698724,5,117,6,1996,2
40,0.392699081698724,3,108,6,1996,2
45,0.392699081698724,3,93,6,1996,2
50,0.392699081698724,1,109,6,1996,2
55,0.392699081698724,2,106,6,1996,2
65,0.392699081698724,2,128,6,1996,2
70,0.392699081698724,0,128,6,1996,2
75,0.392699081698724,0,128,6,1996,2
15,1.17809724509617,5,108,6,1996,2
20,1.17809724509617,5,85,6,1996,2
20,1.17809724509617,17,85,6,1996,2
25,1.17809724509617,4,73,6,1996,2
30,1.17809724509617,9,81,6,1996,2
30,1.17809724509617,4,80,6,1996,2
35,1.17809724509617,1,113,6,1996,2
40,1.17809724509617,0,90,6,1996,2
40,1.17809724509617,0,95,6,1996,2
45,1.17809724509617,0,90,6,1996,2
15,5.89048622548086,5,105,6,1996,2
20,5.89048622548086,1,103,6,1996,2
25,5.89048622548086,3,90,6,1996,2
30,5.89048622548086,4,85,6,1996,2
35,5.89048622548086,1,95,6,1996,2
40,5.89048622548086,1,104,6,1996,2
45,5.89048622548086,0,104,6,1996,2
50,5.89048622548086,0,104,6,1996,2
0,0,6,132,6,1996,2
5,1.5707963267949,4,111,6,1996,2
10,1.5707963267949,0,88,6,1996,2
15,1.5707963267949,0,131,6,1996,2
20,1.5707963267949,0,189,6,1996,2
25,1.5707963267949,0,106,6,1996,2
25,1.5707963267949,0,159,6,1996,2
30,1.5707963267949,0,158,6,1996,2
35,1.5707963267949,0,120,6,1996,2
5,0.785398163397448,19,164,6,1996,2
10,0.785398163397448,6,131,6,1996,2
15,0.785398163397448,3,130,6,1996,2
20,0.785398163397448,15,143,6,1996,2
25,0.785398163397448,16,126,6,1996,2
30,0.785398163397448,11,141,6,1996,2
35,0.785398163397448,6,133,6,1996,2
40,0.785398163397448,13,106,6,1996,2
45,0.785398163397448,3,90,6,1996,2
50,0.785398163397448,1,110,6,1996,2
55,0.785398163397448,0,110,6,1996,2
60,0.785398163397448,0,110,6,1996,2
5,0,6,159,6,1996,2
10,0,0,95,6,1996,2
10,0,1,128,6,1996,2
15,0,5,104,6,1996,2
20,0,3,144,6,1996,2
25,0,1,109,6,1996,2
25,0,1,105,6,1996,2
30,0,2,125,6,1996,2
35,0,2,116,6,1996,2
40,0,0,85,6,1996,2
45,0,0,85,6,1996,2
5,5.49778714378214,2,140,6,1996,2
10,5.49778714378214,0,197,6,1996,2
15,5.49778714378214,2,115,6,1996,2
20,5.49778714378214,0,129,6,1996,2
25,5.49778714378214,0,129,6,1996,2
5,4.71238898038469,1,89,6,1996,2
10,4.71238898038469,1,138,6,1996,2
15,4.71238898038469,0,127,6,1996,2
20,4.71238898038469,0,129,6,1996,2
5,3.92699081698724,0,119,6,1996,2
10,3.92699081698724,0,117,6,1996,2
15,3.92699081698724,0,119,6,1996,2
5,3.14159265358979,0,183,6,1996,2
5,3.14159265358979,1,127,6,1996,2
10,3.14159265358979,0,130,6,1996,2
15,3.14159265358979,0,125,6,1996,2
5,2.35619449019234,2,91,6,1996,2
10,2.35619449019234,0,97,6,1996,2
15,2.35619449019234,0,125,6,1996,2
20,2.35619449019234,0,127,6,1996,2
15,0.392699081698724,5,163,6,1996,2
20,0.392699081698724,8,151,6,1996,2
25,0.392699081698724,7,111,6,1996,2
30,0.392699081698724,4,151,6,1996,2
35,0.392699081698724,5,116,6,1996,2
40,0.392699081698724,9,107,6,1996,2
45,0.392699081698724,8,123,6,1996,2
50,0.392699081698724,8,166,6,1996,2
55,0.392699081698724,5,137,6,1996,2
60,0.392699081698724,6,148,6,1996,2
60,0.392699081698724,4,100,6,1996,2
65,0.392699081698724,2,190,6,1996,2
70,0.392699081698724,2,135,6,1996,2
75,0.392699081698724,0,135,6,1996,2
80,0.392699081698724,0,135,6,1996,2
15,1.17809724509617,6,138,6,1996,2
20,1.17809724509617,2,107,6,1996,2
20,1.17809724509617,9,150,6,1996,2
25,1.17809724509617,1,152,6,1996,2
30,1.17809724509617,4,159,6,1996,2
35,1.17809724509617,2,186,6,1996,2
40,1.17809724509617,0,136,6,1996,2
45,1.17809724509617,1,153,6,1996,2
50,1.17809724509617,0,120,6,1996,2
50,1.17809724509617,0,213,6,1996,2
55,1.17809724509617,0,213,6,1996,2
0,0,2,102,6,1996,2
5,1.5707963267949,1,86,6,1996,2
7,1.5707963267949,1,105,6,1996,2
10,1.5707963267949,5,74,6,1996,2
15,1.5707963267949,2,125,6,1996,2
20,1.5707963267949,1,91,6,1996,2
25,1.5707963267949,3,91,6,1996,2
30,1.5707963267949,1,85,6,1996,2
35,1.5707963267949,1,117,6,1996,2
40,1.5707963267949,0,104,6,1996,2
45,1.5707963267949,0,104,6,1996,2
5,0.785398163397448,0,119,6,1996,2
10,0.785398163397448,4,116,6,1996,2
15,0.785398163397448,11,121,6,1996,2
20,0.785398163397448,8,167,6,1996,2
25,0.785398163397448,7,117,6,1996,2
30,0.785398163397448,9,140,6,1996,2
35,0.785398163397448,13,109,6,1996,2
40,0.785398163397448,11,102,6,1996,2
45,0.785398163397448,4,113,6,1996,2
50,0.785398163397448,13,118,6,1996,2
55,0.785398163397448,2,122,6,1996,2
65,0.785398163397448,1,129,6,1996,2
75,0.785398163397448,0,141,6,1996,2
80,0.785398163397448,0,141,6,1996,2
5,0,0,136,6,1996,2
10,0,1,100,6,1996,2
15,0,3,77,6,1996,2
20,0,4,98,6,1996,2
25,0,3,80,6,1996,2
25,0,4,110,6,1996,2
30,0,6,101,6,1996,2
35,0,1,92,6,1996,2
40,0,3,107,6,1996,2
45,0,0,106,6,1996,2
50,0,0,106,6,1996,2
5,5.49778714378214,2,89,6,1996,2
10,5.49778714378214,3,108,6,1996,2
15,5.49778714378214,2,123,6,1996,2
20,5.49778714378214,1,90,6,1996,2
25,5.49778714378214,1,103,6,1996,2
30,5.49778714378214,0,167,6,1996,2
35,5.49778714378214,0,167,6,1996,2
5,4.71238898038469,0,116,6,1996,2
10,4.71238898038469,0,79,6,1996,2
15,4.71238898038469,2,95,6,1996,2
20,4.71238898038469,0,96,6,1996,2
25,4.71238898038469,0,96,6,1996,2
5,3.92699081698724,1,108,6,1996,2
10,3.92699081698724,0,98,6,1996,2
15,3.92699081698724,0,111,6,1996,2
20,3.92699081698724,0,111,6,1996,2
5,3.14159265358979,1,77,6,1996,2
10,3.14159265358979,1,126,6,1996,2
15,3.14159265358979,0,82,6,1996,2
20,3.14159265358979,0,82,6,1996,2
5,2.35619449019234,1,96,6,1996,2
10,2.35619449019234,1,98,6,1996,2
15,2.35619449019234,0,100,6,1996,2
20,2.35619449019234,0,100,6,1996,2
15,0.392699081698724,1,86,6,1996,2
15,0.392699081698724,0,111,6,1996,2
20,0.392699081698724,5,76,6,1996,2
25,0.392699081698724,10,138,6,1996,2
30,0.392699081698724,6,93,6,1996,2
35,0.392699081698724,3,114,6,1996,2
40,0.392699081698724,7,116,6,1996,2
45,0.392699081698724,14,126,6,1996,2
45,0.392699081698724,9,100,6,1996,2
50,0.392699081698724,1,97,6,1996,2
55,0.392699081698724,0,123,6,1996,2
60,0.392699081698724,0,123,6,1996,2
15,1.17809724509617,7,116,6,1996,2
20,1.17809724509617,7,118,6,1996,2
25,1.17809724509617,2,117,6,1996,2
30,1.17809724509617,1,90,6,1996,2
35,1.17809724509617,5,108,6,1996,2
40,1.17809724509617,1,131,6,1996,2
45,1.17809724509617,0,122,6,1996,2
50,1.17809724509617,0,122,6,1996,2
0,0,1,136,6,1996,2
5,1.5707963267949,5,83,6,1996,2
10,1.5707963267949,1,119,6,1996,2
15,1.5707963267949,5,93,6,1996,2
20,1.5707963267949,5,79,6,1996,2
25,1.5707963267949,5,111,6,1996,2
30,1.5707963267949,5,109,6,1996,2
35,1.5707963267949,1,96,6,1996,2
40,1.5707963267949,1,90,6,1996,2
45,1.5707963267949,0,116,6,1996,2
50,1.5707963267949,0,116,6,1996,2
5,0.785398163397448,2,110,6,1996,2
10,0.785398163397448,2,122,6,1996,2
15,0.785398163397448,6,121,6,1996,2
20,0.785398163397448,2,90,6,1996,2
25,0.785398163397448,9,116,6,1996,2
30,0.785398163397448,12,98,6,1996,2
35,0.785398163397448,9,118,6,1996,2
40,0.785398163397448,14,94,6,1996,2
45,0.785398163397448,2,101,6,1996,2
50,0.785398163397448,1,137,6,1996,2
55,0.785398163397448,3,104,6,1996,2
60,0.785398163397448,3,95,6,1996,2
65,0.785398163397448,1,82,6,1996,2
75,0.785398163397448,0,79,6,1996,2
80,0.785398163397448,0,79,6,1996,2
5,0,2,123,6,1996,2
5,0,1,95,6,1996,2
10,0,2,114,6,1996,2
15,0,3,176,6,1996,2
20,0,4,71,6,1996,2
25,0,5,124,6,1996,2
30,0,3,98,6,1996,2
35,0,4,128,6,1996,2
37,0,9,96,6,1996,2
40,0,5,109,6,1996,2
45,0,0,113,6,1996,2
50,0,0,113,6,1996,2
5,5.49778714378214,13,115,6,1996,2
10,5.49778714378214,1,117,6,1996,2
15,5.49778714378214,2,87,6,1996,2
20,5.49778714378214,5,97,6,1996,2
25,5.49778714378214,1,97,6,1996,2
30,5.49778714378214,4,99,6,1996,2
35,5.49778714378214,5,123,6,1996,2
40,5.49778714378214,3,90,6,1996,2
45,5.49778714378214,0,115,6,1996,2
50,5.49778714378214,0,115,6,1996,2
5,4.71238898038469,2,121,6,1996,2
10,4.71238898038469,1,96,6,1996,2
15,4.71238898038469,0,105,6,1996,2
20,4.71238898038469,0,105,6,1996,2
5,3.92699081698724,0,42,6,1996,2
10,3.92699081698724,0,134,6,1996,2
15,3.92699081698724,0,108,6,1996,2
20,3.92699081698724,0,93,6,1996,2
5,3.14159265358979,1,120,6,1996,2
10,3.14159265358979,0,82,6,1996,2
15,3.14159265358979,1,96,6,1996,2
20,3.14159265358979,0,133,6,1996,2
25,3.14159265358979,0,133,6,1996,2
5,2.35619449019234,2,101,6,1996,2
10,2.35619449019234,1,93,6,1996,2
15,2.35619449019234,1,102,6,1996,2
20,2.35619449019234,0,104,6,1996,2
25,2.35619449019234,0,104,6,1996,2
15,0.392699081698724,2,116,6,1996,2
20,0.392699081698724,4,94,6,1996,2
25,0.392699081698724,4,111,6,1996,2
30,0.392699081698724,1,104,6,1996,2
35,0.392699081698724,1,85,6,1996,2
45,0.392699081698724,2,143,6,1996,2
50,0.392699081698724,0,162,6,1996,2
55,0.392699081698724,0,162,6,1996,2
15,1.17809724509617,5,136,6,1996,2
20,1.17809724509617,6,104,6,1996,2
25,1.17809724509617,7,117,6,1996,2
30,1.17809724509617,7,96,6,1996,2
35,1.17809724509617,4,158,6,1996,2
40,1.17809724509617,4,116,6,1996,2
45,1.17809724509617,1,92,6,1996,2
50,1.17809724509617,1,154,6,1996,2
55,1.17809724509617,1,131,6,1996,2
65,1.17809724509617,1,158,6,1996,2
75,1.17809724509617,0,107,6,1996,2
80,1.17809724509617,0,107,6,1996,2
